order,dataset_index,image_id,image_path,prompt_id,prompt_name,prompt_text,caption,zerocap_best_idx,zerocap_candidates
0,4402,4402,/home/jinwoo/CLIPHacker/smoke2/results/generalization_100_seed1/samples/images/000_4402.jpg,zerocap,ZeroCap,cond_text=Image of a,Image of a police road leading to school children in Jakarta.,2,"[' police road.', ' police road leading.', ' police road leading to school children in Jakarta.', ' police road in Jakarta park.', ' police road leading to school children.']"
1,18651,18651,/home/jinwoo/CLIPHacker/smoke2/results/generalization_100_seed1/samples/images/001_18651.jpg,zerocap,ZeroCap,cond_text=Image of a,Image of a trader with orange and yellow.,3,"[' trader.', ' truck vendor.', ' trader with orange hair.', ' trader with orange and yellow.', ' trader with orange and yellow on the back.']"
2,27768,27768,/home/jinwoo/CLIPHacker/smoke2/results/generalization_100_seed1/samples/images/002_27768.jpg,zerocap,ZeroCap,cond_text=Image of a,Image of a protest woman punched in the back of the head.,3,"[' protest woman punched in the face.', ' protest woman punched.', ' protest woman punched in the head.', ' protest woman punched in the back of the head.', ' protest woman punched in the back of the head by the police.']"
3,26288,26288,/home/jinwoo/CLIPHacker/smoke2/results/generalization_100_seed1/samples/images/003_26288.jpg,zerocap,ZeroCap,cond_text=Image of a,Image of a trader slicing mango leaves.,1,"[' trader cutting a piece.', ' trader slicing mango leaves.', ' trader preparing for cutting.', ' trader cutting a piece of fruit.', ' trader cutting a piece of fruit from the ground.']"
4,25027,25027,/home/jinwoo/CLIPHacker/smoke2/results/generalization_100_seed1/samples/images/004_25027.jpg,zerocap,ZeroCap,cond_text=Image of a,Image of a man lining girls waiting in line with blankets covering his head.,3,"[' man lining girls waiting area.', ' man lining girls waiting in line.', "" man lining girls' skirts."", ' man lining girls waiting in line with blankets covering his head.', ' man lining girls waiting in line with blankets covering his face.']"
5,2067,2067,/home/jinwoo/CLIPHacker/smoke2/results/generalization_100_seed1/samples/images/005_2067.jpg,zerocap,ZeroCap,cond_text=Image of a,Image of a concert carrying a small suitcase in the street.,3,"[' concert pedestrian.', ' concert carrying a small suitcase.', ' concert carrying a person under age.', ' concert carrying a small suitcase in the street.', ' concert carrying a small suitcase in the street below.']"
6,8358,8358,/home/jinwoo/CLIPHacker/smoke2/results/generalization_100_seed1/samples/images/006_8358.jpg,zerocap,ZeroCap,cond_text=Image of a,Image of a player in goalkeeper gear diving.,3,"[' player in Goal.', ' player in goalie kick.', ' player in goalkeeper training.', ' player in goalkeeper gear diving.', ' player in goalkeeper gear diving in goal.']"
7,3863,3863,/home/jinwoo/CLIPHacker/smoke2/results/generalization_100_seed1/samples/images/007_3863.jpg,zerocap,ZeroCap,cond_text=Image of a,Image of a group jumping in the desert is a popular image.,3,"[' group jumping.', ' group jumping in desert.', ' group jumping in the desert.', ' group jumping in the desert is a popular image.', ' group jumping in the desert is a popular one.']"
8,16234,16234,/home/jinwoo/CLIPHacker/smoke2/results/generalization_100_seed1/samples/images/008_16234.jpg,zerocap,ZeroCap,cond_text=Image of a,Image of a video shoot on location in the camp set in the camp's main room.,4,"[' video shoot on location.', ' video shoot on film.', ' video shoot on location in the camp.', ' video shoot on the set.', "" video shoot on location in the camp set in the camp's main room.""]"
9,24935,24935,/home/jinwoo/CLIPHacker/smoke2/results/generalization_100_seed1/samples/images/009_24935.jpg,zerocap,ZeroCap,cond_text=Image of a,Image of a man buys food distribution.,3,"[' market transaction.', ' man buys food parcels.', ' woman queueing.', ' man buys food distribution.', ' man buys food distribution of the organization Food Security and Empowerment Coalition Now']"
10,14728,14728,/home/jinwoo/CLIPHacker/smoke2/results/generalization_100_seed1/samples/images/010_14728.jpg,zerocap,ZeroCap,cond_text=Image of a,Image of a ball sold out being filmed at Sony in 2013.,3,"[' ball sold out.', ' ball sold out being filmed.', ' ball sold out being filmed at Sony in 2014.', ' ball sold out being filmed at Sony in 2013.', ' ball sold out being filmed at Sony.']"
11,15474,15474,/home/jinwoo/CLIPHacker/smoke2/results/generalization_100_seed1/samples/images/011_15474.jpg,zerocap,ZeroCap,cond_text=Image of a,Image of a river centre with stalls in the river and a man carrying a plastic boat in,4,"[' river centre with stalls in the water.', ' river centre with stalls in the river.', ' river centre with stalls in the river centre area.', ' river centre with stalls in the middle.', ' river centre with stalls in the river and a man carrying a plastic boat in']"
12,21351,21351,/home/jinwoo/CLIPHacker/smoke2/results/generalization_100_seed1/samples/images/012_21351.jpg,zerocap,ZeroCap,cond_text=Image of a,Image of a painting installation depicting Toronto subway performers.,2,"[' painting installation.', ' mural.', ' painting installation depicting Toronto subway performers.', ' painting installation depicting Toronto subway dancers.', "" painting installation depicting Toronto's subway art collection.""]"
13,12439,12439,/home/jinwoo/CLIPHacker/smoke2/results/generalization_100_seed1/samples/images/013_12439.jpg,zerocap,ZeroCap,cond_text=Image of a,Image of a flight eating marshmallows taken from marsh in Florida.,2,"[' flight eating marshmallows.', ' flight eating marshmallows taken from a bird feeder.', ' flight eating marshmallows taken from marsh in Florida.', ' flight eating marshmallows taken from a bird feeder in San Francisco Bay', ' flight eating marshmallows taken from a bird feeder in San Juan.']"
14,25844,25844,/home/jinwoo/CLIPHacker/smoke2/results/generalization_100_seed1/samples/images/014_25844.jpg,zerocap,ZeroCap,cond_text=Image of a,Image of a scene playing out in the middle of a young girl trying trying to keep Michael,4,"[' scene playing out in the show.', ' scene playing out in the middle of a woman.', ' scene playing out.', ' scene playing out in the middle of a young girl trying trying to keep her', ' scene playing out in the middle of a young girl trying trying to keep Michael']"
15,6879,6879,/home/jinwoo/CLIPHacker/smoke2/results/generalization_100_seed1/samples/images/015_6879.jpg,zerocap,ZeroCap,cond_text=Image of a,Image of a player walking away from the game wearing a brace.,4,"[' player walking away.', ' player walking.', ' player leaving club.', ' player walking away from the game.', ' player walking away from the game wearing a brace.']"
16,3075,3075,/home/jinwoo/CLIPHacker/smoke2/results/generalization_100_seed1/samples/images/016_3075.jpg,zerocap,ZeroCap,cond_text=Image of a,Image of a Kid in Tokyo Floods (via The Japan Times). Photo of a Japanese,4,"[' Kid in Tokyo flood.', ' Kid in Tokyo Flood.', ' child rescuing a flood.', ' Kid in Tokyo Floods.', ' Kid in Tokyo Floods (via The Japan Times). Photo of a Japanese']"
17,15986,15986,/home/jinwoo/CLIPHacker/smoke2/results/generalization_100_seed1/samples/images/017_15986.jpg,zerocap,ZeroCap,cond_text=Image of a,Image of a stranded lab in Florida showing the path the animal would have been expected.,3,"[' stranded lab.', ' stranded Lab.', ' stranded lab in Florida.', ' stranded lab in Florida showing the path the animal would have been expected.', ' stranded lab in Florida showing the path the animal would have been expected to travel']"
18,928,928,/home/jinwoo/CLIPHacker/smoke2/results/generalization_100_seed1/samples/images/018_928.jpg,zerocap,ZeroCap,cond_text=Image of a,Image of a good burger fight photo taken by the Guardian.,0,"[' good burger fight photo taken by the Guardian.', ' good burger fight photo taken from the video.', ' good burger fight photo.', ' good burger fight.', ' good burger fight photo taken from the video of a recent protest march against the']"
19,29272,29272,/home/jinwoo/CLIPHacker/smoke2/results/generalization_100_seed1/samples/images/019_29272.jpg,zerocap,ZeroCap,cond_text=Image of a,Image of a performance walker telling a children's book festival about skateboarding.,3,"[' performance.', ' Game event in New Albany Park.', ' performance walker telling a story.', "" performance walker telling a children's book festival about skateboarding."", "" performance walker telling a children's book story.""]"
20,27386,27386,/home/jinwoo/CLIPHacker/smoke2/results/generalization_100_seed1/samples/images/020_27386.jpg,zerocap,ZeroCap,cond_text=Image of a,Image of a group of the hiking in Alaska with a group of young people who are not,4,"[' group of the hiking in Alaska.', ' group of the walking path.', ' group of the walking route.', ' group of the hiking in Alaska with a group of young people.', ' group of the hiking in Alaska with a group of young people who are not']"
21,12773,12773,/home/jinwoo/CLIPHacker/smoke2/results/generalization_100_seed1/samples/images/021_12773.jpg,zerocap,ZeroCap,cond_text=Image of a,"Image of a performance in Ukraine in the background is accompanied by a sign that is saying """,4,"[' performance.', ' performance in Ukraine.', ' performance in Kiev.', ' performance in Ukraine in the background.', ' performance in Ukraine in the background is accompanied by a sign that is saying ""']"
22,14180,14180,/home/jinwoo/CLIPHacker/smoke2/results/generalization_100_seed1/samples/images/022_14180.jpg,zerocap,ZeroCap,cond_text=Image of a,Image of a parking arena shows how the bikes are used in the Korean National Tour.,4,"[' parking arena.', ' parking arena shows how the bikes are used.', ' parking arena shows how the bike riders.', ' parking arena showing how the bike is being used.', ' parking arena shows how the bikes are used in the Korean National Tour.']"
23,19904,19904,/home/jinwoo/CLIPHacker/smoke2/results/generalization_100_seed1/samples/images/023_19904.jpg,zerocap,ZeroCap,cond_text=Image of a,"Image of a pub pedestrian on the bridge showing sign reading ""open-minded discussion"" and",4,"[' pub crossing railing.', ' pub walk.', ' pub crossing railing showing.', ' pub pedestrian on the bridge.', ' pub pedestrian on the bridge showing sign reading ""open-minded discussion"" and']"
24,24978,24978,/home/jinwoo/CLIPHacker/smoke2/results/generalization_100_seed1/samples/images/024_24978.jpg,zerocap,ZeroCap,cond_text=Image of a,Image of a street in Rome.,1,"[' street.', ' street in Rome.', ' street in the Italian city of Turin.', ' street in the Italian city of Turin is a tribute.', ' street in the Italian city of Turin is a tribute to the young woman']"
25,25138,25138,/home/jinwoo/CLIPHacker/smoke2/results/generalization_100_seed1/samples/images/025_25138.jpg,zerocap,ZeroCap,cond_text=Image of a,Image of a conversation showing two protesters trying to decide all three options in the middle of a,3,"[' conversation showing two protesters trying to decide all three options.', ' conversation showing two protesters trying to decide all three questions.', ' conversation showing two protesters trying to decide all three options in the middle of the', ' conversation showing two protesters trying to decide all three options in the middle of a', ' conversation showing two protesters trying to decide all three options in the middle.']"
26,69,69,/home/jinwoo/CLIPHacker/smoke2/results/generalization_100_seed1/samples/images/026_69.jpg,zerocap,ZeroCap,cond_text=Image of a,Image of a car displayed on London Christmas Day 2004.,0,"[' car displayed on London Christmas Day 2004.', ' car with giant balls.', ' car displayed in New York.', ' car displayed on London Christmas Day 2005- the one in the red ball.', ' car displayed on London Christmas Day 2005- the one in the middle.']"
27,22801,22801,/home/jinwoo/CLIPHacker/smoke2/results/generalization_100_seed1/samples/images/027_22801.jpg,zerocap,ZeroCap,cond_text=Image of a,Image of a downtown market from from the 2014 report.,3,"[' downtown market from from Jan.', ' downtown market from from the 2012 brochure.', ' downtown market from from 2013.', ' downtown market from from the 2014 report.', ' downtown market from from the 2012 brochure (click to enlarge the full map']"
28,14594,14594,/home/jinwoo/CLIPHacker/smoke2/results/generalization_100_seed1/samples/images/028_14594.jpg,zerocap,ZeroCap,cond_text=Image of a,Image of a horse racing jump in Vermont.,2,"[' horse jump.', ' horse racing jump.', ' horse racing jump in Vermont.', ' horse racing jump in the woods.', ' horse racing jump in the woods by AP.']"
29,8727,8727,/home/jinwoo/CLIPHacker/smoke2/results/generalization_100_seed1/samples/images/029_8727.jpg,zerocap,ZeroCap,cond_text=Image of a,Image of a Lifetime Gift opening presents a 1977.,4,"[' lifetime.', ' Lifetime Gift.', ' Lifetime gift gift.', ' Lifetime Gift opening.', ' Lifetime Gift opening presents a 1977.']"
30,23643,23643,/home/jinwoo/CLIPHacker/smoke2/results/generalization_100_seed1/samples/images/030_23643.jpg,zerocap,ZeroCap,cond_text=Image of a,Image of a man painting contest girl in 2011.,2,"[' man painting contest girl.', ' student artist booth girl.', ' man painting contest girl in 2011.', ' man painting contest girls undies.', ' man painting contest girl with picture of famous people.']"
31,26274,26274,/home/jinwoo/CLIPHacker/smoke2/results/generalization_100_seed1/samples/images/031_26274.jpg,zerocap,ZeroCap,cond_text=Image of a,Image of a German sporting stunt horse that jumps in the face of a rider who falls in,4,"[' German Sport.', ' German sports event.', ' German sporting stunt horse that jumps in the mouth.', ' German sporting stunt horse that jumps on people.', ' German sporting stunt horse that jumps in the face of a rider who falls in']"
32,7496,7496,/home/jinwoo/CLIPHacker/smoke2/results/generalization_100_seed1/samples/images/032_7496.jpg,zerocap,ZeroCap,cond_text=Image of a,Image of a taxi in the Hague in the year 18 2016.,4,"[' taxi.', ' taxi in the Hague.', "" taxi in the Hague's history district."", ' taxi in the Hague in Dutch.', ' taxi in the Hague in the year 18 2016.']"
33,19370,19370,/home/jinwoo/CLIPHacker/smoke2/results/generalization_100_seed1/samples/images/033_19370.jpg,zerocap,ZeroCap,cond_text=Image of a,Image of a pedestrian on bicycle in Harlem.,3,"[' pedestrian on bicycle.', ' pedestrian on cycle.', ' cyclist in Harlem.', ' pedestrian on bicycle in Harlem.', ' pedestrian on cycle in Harlem.']"
34,30974,30974,/home/jinwoo/CLIPHacker/smoke2/results/generalization_100_seed1/samples/images/034_30974.jpg,zerocap,ZeroCap,cond_text=Image of a,Image of a an investigation work underway at the Port of Charleston.,3,"[' an inspection activity.', ' an inspection work.', ' an investigation work underway.', ' an investigation work underway at the Port of Charleston.', ' an investigation work underway at the Port of Wilmington.']"
35,3349,3349,/home/jinwoo/CLIPHacker/smoke2/results/generalization_100_seed1/samples/images/035_3349.jpg,zerocap,ZeroCap,cond_text=Image of a,Image of a sign fire selling items in a display of Chinese luxury stores.,4,"[' display window.', ' building building.', ' sign fire selling selling clothes.', ' sign fire selling items in a window display.', ' sign fire selling items in a display of Chinese luxury stores.']"
36,29537,29537,/home/jinwoo/CLIPHacker/smoke2/results/generalization_100_seed1/samples/images/036_29537.jpg,zerocap,ZeroCap,cond_text=Image of a,Image of a demonstration by the police radio operators in Copenhagen.,3,"[' demonstration.', ' demonstration by the police radio operators.', ' demonstration by the police radio operator.', ' demonstration by the police radio operators in Copenhagen.', ' demonstration by the police radio operator in the Netherlands.']"
37,10401,10401,/home/jinwoo/CLIPHacker/smoke2/results/generalization_100_seed1/samples/images/037_10401.jpg,zerocap,ZeroCap,cond_text=Image of a,Image of a man jumping leaves.,0,"[' man jumping leaves.', ' man jumping leaves in the early morning hours.', ' man jumping leaves in the early morning.', ' man jumping leaves in the early morning hours on the Facebook group.', ' man jumping leaves in the early morning hours on the Facebook page of the N']"
38,1002,1002,/home/jinwoo/CLIPHacker/smoke2/results/generalization_100_seed1/samples/images/038_1002.jpg,zerocap,ZeroCap,cond_text=Image of a,Image of a Chinese Tibetan playing a traditional instrument in the region.,3,"[' Chinese Tibetan playing a traditional instrument.', ' Chinese Tibetan playing a traditional Tibetan instrument in the Tibetan capital of Lhasa', ' Chinese Tibetan playing a traditional Tibetan instrument.', ' Chinese Tibetan playing a traditional instrument in the region.', ' Chinese Tibetan playing a traditional Tibetan instrument in the Tibetan capital of Lhasay']"
39,731,731,/home/jinwoo/CLIPHacker/smoke2/results/generalization_100_seed1/samples/images/039_731.jpg,zerocap,ZeroCap,cond_text=Image of a,Image of a photo of children can be seen in the sand boarding guide.,3,"[' photo of children can be seen on the beach.', ' photo of children can be seen in the sand boarding area.', ' photo of children can be seen in the sand boarding section.', ' photo of children can be seen in the sand boarding guide.', ' photo of children can be seen in the sand boarding area of the beach.']"
40,833,833,/home/jinwoo/CLIPHacker/smoke2/results/generalization_100_seed1/samples/images/040_833.jpg,zerocap,ZeroCap,cond_text=Image of a,Image of a''young Hispanics' playing beach balls.,2,"[""''young Hispanics' playing beach towels."", ""''young Hispanics' playing beach umbrellas."", ""''young Hispanics' playing beach balls."", ""''young Hispanics' playing beach umbrellos."", ""''young Hispanics' playing beach umbrellas in the middle of a""]"
41,21284,21284,/home/jinwoo/CLIPHacker/smoke2/results/generalization_100_seed1/samples/images/041_21284.jpg,zerocap,ZeroCap,cond_text=Image of a,Image of a protest in the Jewish National Fund rally in New York City by Rabbi David Ben,4,"[' Palestinian protesting Judaism.', ' protest in the Jewish National Fund rally in New York City.', ' protest in the Jewish National Fund rally in New York.', ' protest in the Jewish National Hat.', ' protest in the Jewish National Fund rally in New York City by Rabbi David Ben']"
42,17741,17741,/home/jinwoo/CLIPHacker/smoke2/results/generalization_100_seed1/samples/images/042_17741.jpg,zerocap,ZeroCap,cond_text=Image of a,Image of a couple sitting on the floor of a room in Tokyo's Museum of Contemporary Art,3,"[' couple sitting on the floor.', ' couple sitting on the floor in Japanese.', ' couple sitting on the floor of a room.', "" couple sitting on the floor of a room in Tokyo's Museum of Contemporary Art"", "" couple sitting on the floor of a room in Tokyo's Museum of Modern Art""]"
43,301,301,/home/jinwoo/CLIPHacker/smoke2/results/generalization_100_seed1/samples/images/043_301.jpg,zerocap,ZeroCap,cond_text=Image of a,Image of a market fairy in Manila showing the phenomenon in the city by Laura C.,4,"[' market fairy.', ' market fairy in Manila.', ' market fairy in Peru.', ' market fairy in Manila showing the phenomenon.', ' market fairy in Manila showing the phenomenon in the city by Laura C.']"
44,30774,30774,/home/jinwoo/CLIPHacker/smoke2/results/generalization_100_seed1/samples/images/044_30774.jpg,zerocap,ZeroCap,cond_text=Image of a,Image of a man underwater video image image data type image image data element image.,3,"[' man underwater video video.', ' boy.', ' man underwater video video image format.', ' man underwater video image image data type image image data element image.', ' man underwater video image image data type image image data element image_image id']"
45,28876,28876,/home/jinwoo/CLIPHacker/smoke2/results/generalization_100_seed1/samples/images/045_28876.jpg,zerocap,ZeroCap,cond_text=Image of a,Image of a afl diving in the 2012 tournament by © David Marshall.,4,"[' afl diving.', ' afl-kick.', ' afl diving in the 2012 tournament.', ' afl diving in the 2012 competition.', ' afl diving in the 2012 tournament by © David Marshall.']"
46,12491,12491,/home/jinwoo/CLIPHacker/smoke2/results/generalization_100_seed1/samples/images/046_12491.jpg,zerocap,ZeroCap,cond_text=Image of a,Image of a bicycle on Amtrak California.,3,"[' bicycle.', ' train.', ' Train.', ' bicycle on Amtrak California.', ' bicycle on Amtrak California route #0901.']"
47,22494,22494,/home/jinwoo/CLIPHacker/smoke2/results/generalization_100_seed1/samples/images/047_22494.jpg,zerocap,ZeroCap,cond_text=Image of a,Image of a work in progress in the garden shows artist working on the walls of the building,4,"[' work in progress.', ' project in action painting.', ' project in action painting 2008.', ' work in progress on the site.', ' work in progress in the garden shows artist working on the walls of the building']"
48,7097,7097,/home/jinwoo/CLIPHacker/smoke2/results/generalization_100_seed1/samples/images/048_7097.jpg,zerocap,ZeroCap,cond_text=Image of a,Image of a street table crowd in New Orleans.,4,"[' busy patio.', ' crowded patio.', ' street table crowd.', ' street table audience.', ' street table crowd in New Orleans.']"
49,13831,13831,/home/jinwoo/CLIPHacker/smoke2/results/generalization_100_seed1/samples/images/049_13831.jpg,zerocap,ZeroCap,cond_text=Image of a,Image of a training fence showing how well the species jumps can be seen on the left.,4,"[' game fair.', ' training fence.', ' training fence showing how well the species jumps.', ' training fence showing how well the species jumps can be seen on the right.', ' training fence showing how well the species jumps can be seen on the left.']"
50,23784,23784,/home/jinwoo/CLIPHacker/smoke2/results/generalization_100_seed1/samples/images/050_23784.jpg,zerocap,ZeroCap,cond_text=Image of a,Image of a worker in the textile industry in Peru.,3,"[' woman.', ' worker in the laundry.', ' worker in the textile industry.', ' worker in the textile industry in Peru.', ' worker in the textile industry in Mexico.']"
51,951,951,/home/jinwoo/CLIPHacker/smoke2/results/generalization_100_seed1/samples/images/051_951.jpg,zerocap,ZeroCap,cond_text=Image of a,Image of a desert walk in Ukraine.,2,"[' desolate walk.', ' desert walk.', ' desert walk in Ukraine.', ' desert walk in the Florida.', ' desert walk in the Florida is a surreal one.']"
52,17289,17289,/home/jinwoo/CLIPHacker/smoke2/results/generalization_100_seed1/samples/images/052_17289.jpg,zerocap,ZeroCap,cond_text=Image of a,Image of ailing man walks in to the hospital with stick.,4,"['iling woman walking cane.', 'iling man shovelwalking.', 'iling man walks in.', 'iling man walks in to the hospital.', 'iling man walks in to the hospital with stick.']"
53,7264,7264,/home/jinwoo/CLIPHacker/smoke2/results/generalization_100_seed1/samples/images/053_7264.jpg,zerocap,ZeroCap,cond_text=Image of a,Image of a charity helping pets in the Dominican Republic showing a typical scene from the video.,3,"[' charity helping pets in the Dominican Republic.', ' charity helping pet dogs.', ' charity helping pets in Spain.', ' charity helping pets in the Dominican Republic showing a typical scene from the video.', ' charity helping pets in the Dominican Republic showing a typical scene from the video of']"
54,25024,25024,/home/jinwoo/CLIPHacker/smoke2/results/generalization_100_seed1/samples/images/054_25024.jpg,zerocap,ZeroCap,cond_text=Image of a,Image of a gang gang of New Orleans Haitian kids who are celebrating the Fourth of July.,4,"[' gang.', ' gang gang.', ' gang gang of Haitian children.', ' gang gang of New Orleans Haitian kids.', ' gang gang of New Orleans Haitian kids who are celebrating the Fourth of July.']"
55,14348,14348,/home/jinwoo/CLIPHacker/smoke2/results/generalization_100_seed1/samples/images/055_14348.jpg,zerocap,ZeroCap,cond_text=Image of a,Image of a person hitting a home run in the University of Miami Indians' first ever women,4,"[' person hitting.', ' player.', ' person hitting a home run.', ' person hitting the first.', "" person hitting a home run in the University of Miami Indians' first ever women""]"
56,16246,16246,/home/jinwoo/CLIPHacker/smoke2/results/generalization_100_seed1/samples/images/056_16246.jpg,zerocap,ZeroCap,cond_text=Image of a,"Image of a Million Cambodians Happy Birthday"" via Shutterstock.",2,"[' Day by by Flickr.', ' Million Cambodians Happy Birthday.', ' Million Cambodians Happy Birthday"" via Shutterstock.', ' Million Cambodians Happy Birthday"" via Flickr.', ' Million Cambodians Happy Birthday"" via Flickr user David.']"
57,18116,18116,/home/jinwoo/CLIPHacker/smoke2/results/generalization_100_seed1/samples/images/057_18116.jpg,zerocap,ZeroCap,cond_text=Image of a,Image of a family craftsman working gold cake in the village of Kati Kati Devi,4,"[' family craftsman working gold cakes.', ' family craftsman working gold cake.', ' family craftsman using gold.', ' family craftsman working gold cake making a silver necklace.', ' family craftsman working gold cake in the village of Kati Kati Devi']"
58,7637,7637,/home/jinwoo/CLIPHacker/smoke2/results/generalization_100_seed1/samples/images/058_7637.jpg,zerocap,ZeroCap,cond_text=Image of a,Image of a new excavation at the University of Texas at Austin showing a man crying.,3,"[' drill site.', ' new excavation at the University of Texas at Austin showing a man.', ' new excavation at the University of Texas at Austin showing a man crying in the', ' new excavation at the University of Texas at Austin showing a man crying.', ' new excavation at the University of Texas at Austin showing a man crying in a']"
59,11327,11327,/home/jinwoo/CLIPHacker/smoke2/results/generalization_100_seed1/samples/images/059_11327.jpg,zerocap,ZeroCap,cond_text=Image of a,Image of a elephant being dressed.,0,"[' elephant being dressed.', ' elephant in the market.', ' elephant in the market for slaughter.', ' elephant in the market for slaughter by Al Jazeera.', ' elephant in the market for slaughter by Al-J.']"
60,7565,7565,/home/jinwoo/CLIPHacker/smoke2/results/generalization_100_seed1/samples/images/060_7565.jpg,zerocap,ZeroCap,cond_text=Image of a,Image of a toddler walking on floorboards.,0,"[' toddler walking on floorboards.', ' toddler walking on floorboards with with apron tape.', ' toddler walking on floorboards with with apron straps pulled up.', ' toddler walking on floorboards with with apron straps pulled.', ' toddler walking on floorboards with with apron folds.']"
61,22178,22178,/home/jinwoo/CLIPHacker/smoke2/results/generalization_100_seed1/samples/images/061_22178.jpg,zerocap,ZeroCap,cond_text=Image of a,Image of a man buying fruits and selling them in the market place.,2,"[' man buying fruits.', ' man buying fruits and selling them.', ' man buying fruits and selling them in the market place.', ' man buying fruits and selling them in the city.', ' man buying fruits and selling them in the market.']"
62,7169,7169,/home/jinwoo/CLIPHacker/smoke2/results/generalization_100_seed1/samples/images/062_7169.jpg,zerocap,ZeroCap,cond_text=Image of a,Image of a protest artist creating children's costumes in the 1990s.,1,"[' meeting in New York.', "" protest artist creating children's costumes in the 1990s."", "" protest artist creating children's costumes."", ' meeting.', "" protest artist creating children's clothing.""]"
63,24934,24934,/home/jinwoo/CLIPHacker/smoke2/results/generalization_100_seed1/samples/images/063_24934.jpg,zerocap,ZeroCap,cond_text=Image of a,Image of a Brooklyn jogger in a blue T-shirt by Michael Sullivan.,4,"[' Brooklyn jogger.', ' Brooklyn jogger in blue.', ' Brooklyn jogger in a blue T-shirt.', ' Brooklyn jogger in blue on the wall.', ' Brooklyn jogger in a blue T-shirt by Michael Sullivan.']"
64,15060,15060,/home/jinwoo/CLIPHacker/smoke2/results/generalization_100_seed1/samples/images/064_15060.jpg,zerocap,ZeroCap,cond_text=Image of a,Image of a fishing inlet coming in contact with the stream below the tent.,4,"[' fishing inlet coming in contact with the stream.', ' fishing inlet coming in contact with a stream.', ' fishing inlet coming up.', ' fishing inlet coming in contact with the stream below.', ' fishing inlet coming in contact with the stream below the tent.']"
65,9495,9495,/home/jinwoo/CLIPHacker/smoke2/results/generalization_100_seed1/samples/images/065_9495.jpg,zerocap,ZeroCap,cond_text=Image of a,Image of a party at the party host's house.,4,"[' party.', ' party at the party.', ' party in the hotel.', ' party at the house.', "" party at the party host's house.""]"
66,30359,30359,/home/jinwoo/CLIPHacker/smoke2/results/generalization_100_seed1/samples/images/066_30359.jpg,zerocap,ZeroCap,cond_text=Image of a,Image of a goal in the first leg.,3,"[' goal.', ' game.', ' goal in the second half.', ' goal in the first leg.', ' goal in the second leg.']"
67,704,704,/home/jinwoo/CLIPHacker/smoke2/results/generalization_100_seed1/samples/images/067_704.jpg,zerocap,ZeroCap,cond_text=Image of a,Image of a demo session showing voice clips from the video.,4,"[' demo.', ' demo session.', ' demo session showing voice clips.', ' demo session showing voice clips from the video game.', ' demo session showing voice clips from the video.']"
68,13637,13637,/home/jinwoo/CLIPHacker/smoke2/results/generalization_100_seed1/samples/images/068_13637.jpg,zerocap,ZeroCap,cond_text=Image of a,Image of a man surfacing from the surfboard on the opening day of the competition.,2,"[' man surfacing from surfboards.', ' man surfacing from the surfboard.', ' man surfacing from the surfboard on the opening day of the competition.', ' man surfacing from the beach.', ' man surfacing from the surfboards.']"
69,27445,27445,/home/jinwoo/CLIPHacker/smoke2/results/generalization_100_seed1/samples/images/069_27445.jpg,zerocap,ZeroCap,cond_text=Image of a,Image of a contractor cutting a a piece of tree equipment used for the city.,2,"[' contractor cutting a a tree truck sign.', ' contractor cutting a a piece of tree debris.', ' contractor cutting a a piece of tree equipment used for the city.', ' contractor cutting a a piece of tree equipment used in the construction worker strike.', ' contractor cutting a a piece of tree equipment used in the construction workers.']"
70,30024,30024,/home/jinwoo/CLIPHacker/smoke2/results/generalization_100_seed1/samples/images/070_30024.jpg,zerocap,ZeroCap,cond_text=Image of a,Image of a meeting in 2010.,2,"[' meeting.', ' meeting held.', ' meeting in 2010.', ' meeting in 2009.', ' meeting in 2010/06.']"
71,18233,18233,/home/jinwoo/CLIPHacker/smoke2/results/generalization_100_seed1/samples/images/071_18233.jpg,zerocap,ZeroCap,cond_text=Image of a,Image of a match results in a submission slam.,4,"[' match.', ' match results in confrontation.', ' match results in chaos fighting.', ' match results in a takedown.', ' match results in a submission slam.']"
72,30218,30218,/home/jinwoo/CLIPHacker/smoke2/results/generalization_100_seed1/samples/images/072_30218.jpg,zerocap,ZeroCap,cond_text=Image of a,Image of a Homeless Man performing.,1,"[' homeless.', ' Homeless Man performing.', ' Homeless Man playing Piano.', ' Homeless Man playing Piano in a Line.', ' Homeless Man playing Piano in a Line in the New York City Magazine.']"
73,21046,21046,/home/jinwoo/CLIPHacker/smoke2/results/generalization_100_seed1/samples/images/073_21046.jpg,zerocap,ZeroCap,cond_text=Image of a,Image of a family discussing the app on on the train.,2,"[' couple tweeting.', ' family discussing the app on on train.', ' family discussing the app on on the train.', ' family discussing the app.', ' family discussing the app on on the subway.']"
74,3276,3276,/home/jinwoo/CLIPHacker/smoke2/results/generalization_100_seed1/samples/images/074_3276.jpg,zerocap,ZeroCap,cond_text=Image of a,Image of a wedding dinner.,1,"[' party.', ' wedding dinner.', ' party party.', ' party party dinner calling in the 1980s.', ' party party dinner calling in the 1980s in the sun.']"
75,6091,6091,/home/jinwoo/CLIPHacker/smoke2/results/generalization_100_seed1/samples/images/075_6091.jpg,zerocap,ZeroCap,cond_text=Image of a,Image of a toddler's cleaning in-the-cup shower is taken from The Daily Penn,4,"["" child's cleaning glasses."", "" toddler's cleaning."", "" toddler's cleaning water."", "" toddler's cleaning in-progress sink."", "" toddler's cleaning in-the-cup shower is taken from The Daily Penn""]"
76,20622,20622,/home/jinwoo/CLIPHacker/smoke2/results/generalization_100_seed1/samples/images/076_20622.jpg,zerocap,ZeroCap,cond_text=Image of a,Image of a building located in Chinatown that has been used in the series.,4,"[' building located in Chinatown.', ' building.', ' building located in Chinatown in 2013.', ' building located in Chinatown that has been used in the video.', ' building located in Chinatown that has been used in the series.']"
77,23712,23712,/home/jinwoo/CLIPHacker/smoke2/results/generalization_100_seed1/samples/images/077_23712.jpg,zerocap,ZeroCap,cond_text=Image of a,Image of a player performing performing a handbrake in concert (Photo of David Moyer,4,"[' player performing performing.', ' player performing performing a handbrake.', ' player performing performing a handbrake in concert.', ' player performing performing a handbrake dance.', ' player performing performing a handbrake in concert (Photo of David Moyer']"
78,28178,28178,/home/jinwoo/CLIPHacker/smoke2/results/generalization_100_seed1/samples/images/078_28178.jpg,zerocap,ZeroCap,cond_text=Image of a,Image of a Christmas song playing trumpet.,0,"[' Christmas song playing trumpet.', ' Christmas song.', ' Christmas song playing saxophone.', ' Christmas song playing trumpet in San Francisco.', ' Christmas song playing saxophone in the song-based murder.']"
79,9712,9712,/home/jinwoo/CLIPHacker/smoke2/results/generalization_100_seed1/samples/images/079_9712.jpg,zerocap,ZeroCap,cond_text=Image of a,"Image of a board slamming in the alley showing a few pieces of the ""world"" slamming",4,"[' board slamming.', ' board slamming on doors.', ' board slamming on door 22.', ' board slamming in the basement.', ' board slamming in the alley showing a few pieces of the ""world"" slamming']"
80,3961,3961,/home/jinwoo/CLIPHacker/smoke2/results/generalization_100_seed1/samples/images/080_3961.jpg,zerocap,ZeroCap,cond_text=Image of a,Image of a guest at the 2010 Rockefeller Center Community Reinvestment Investment (CIRI,2,"[' guest at the 2010 Rockefeller Center Community Reinvestment Investment (CRI-', ' guest at the 2010 Rockefeller Center Community Reinvestment Investment (COREII', ' guest at the 2010 Rockefeller Center Community Reinvestment Investment (CIRI', ' guest at the 2010 Rockefeller Center Community Reinvestment Investment (CIRIF', ' guest at the 2010 Rockefeller Center Community Reinvestment Investment (CIRRI']"
81,24351,24351,/home/jinwoo/CLIPHacker/smoke2/results/generalization_100_seed1/samples/images/081_24351.jpg,zerocap,ZeroCap,cond_text=Image of a,Image of a Dayhound racing pointer taking a ball toss in the UK.,4,"[' Dayhound racing pointer.', ' Dayhound racing pointer in training ball.', ' Dayhound racing pointer in training.', ' Dayhound racing pointer taking a ball toss.', ' Dayhound racing pointer taking a ball toss in the UK.']"
82,10901,10901,/home/jinwoo/CLIPHacker/smoke2/results/generalization_100_seed1/samples/images/082_10901.jpg,zerocap,ZeroCap,cond_text=Image of a,Image of a winter game in Russia.,2,"[' winter game.', ' 1970s Soviet Winter game.', ' winter game in Russia.', ' 1970s Soviet Winter game at night.', ' 1970s Soviet Winter game in the summer.']"
83,29346,29346,/home/jinwoo/CLIPHacker/smoke2/results/generalization_100_seed1/samples/images/083_29346.jpg,zerocap,ZeroCap,cond_text=Image of a,Image of a tornado surf league in 2011 (Shutterstock).<|endoftext|>The company's website is,4,"[' wave.', ' tornado surf league.', ' tornado surf league in 2011.', ' tornado surf league in 2011 (Shutterstock.', "" tornado surf league in 2011 (Shutterstock).<|endoftext|>The company's website is""]"
84,23641,23641,/home/jinwoo/CLIPHacker/smoke2/results/generalization_100_seed1/samples/images/084_23641.jpg,zerocap,ZeroCap,cond_text=Image of a,Image of a street with tourists.,2,"[' street.', ' street with tourists in the background.', ' street with tourists.', ' street with tourists walking in.', ' street with tourists in the background of the city.']"
85,23304,23304,/home/jinwoo/CLIPHacker/smoke2/results/generalization_100_seed1/samples/images/085_23304.jpg,zerocap,ZeroCap,cond_text=Image of a,Image of a pedestrian with a pink triangle on the ground.,3,"[' pedestrian.', ' pedestrian with a pink triangle.', ' pedestrian with a pink triangle attached.', ' pedestrian with a pink triangle on the ground.', ' pedestrian with a pink triangle on the sidewalk.']"
86,16410,16410,/home/jinwoo/CLIPHacker/smoke2/results/generalization_100_seed1/samples/images/086_16410.jpg,zerocap,ZeroCap,cond_text=Image of a,Image of a bicyclist riding stunt on wheels.,4,"[' cyclist riding stunt.', ' bike jam.', ' bicyclist riding stunt.', ' bicyclist riding stunt bike.', ' bicyclist riding stunt on wheels.']"
87,30685,30685,/home/jinwoo/CLIPHacker/smoke2/results/generalization_100_seed1/samples/images/087_30685.jpg,zerocap,ZeroCap,cond_text=Image of a,Image of a interview about the app development.,3,"[' interview.', ' interview about the project.', ' interview about the app.', ' interview about the app development.', ' interview about the app development platform App.']"
88,16636,16636,/home/jinwoo/CLIPHacker/smoke2/results/generalization_100_seed1/samples/images/088_16636.jpg,zerocap,ZeroCap,cond_text=Image of a,Image of a student walking girl with a rock slide.,3,"[' student walking girl.', ' student walking girl on rocks.', ' child.', ' student walking girl with a rock slide.', ' student walking girl with a rock slide on the wall.']"
89,27198,27198,/home/jinwoo/CLIPHacker/smoke2/results/generalization_100_seed1/samples/images/089_27198.jpg,zerocap,ZeroCap,cond_text=Image of a,Image of a a Fight between Students in 2011.,2,"[' b.', ' a Fight in the Park.', ' a Fight between Students in 2011.', ' a Fight between Students in 2010.', ' a Fight between Students in the Field.']"
90,29824,29824,/home/jinwoo/CLIPHacker/smoke2/results/generalization_100_seed1/samples/images/090_29824.jpg,zerocap,ZeroCap,cond_text=Image of a,Image of a promotional delegate at the Olympic Park event desk.,4,"[' promotional delegate.', ' 2009 Olympic worker.', ' promotional delegate for the event.', ' promotional delegate at the Olympic village.', ' promotional delegate at the Olympic Park event desk.']"
91,21964,21964,/home/jinwoo/CLIPHacker/smoke2/results/generalization_100_seed1/samples/images/091_21964.jpg,zerocap,ZeroCap,cond_text=Image of a,Image of a date night photograph.,0,"[' date night photograph.', ' date night photo.', ' bar bar conversation.', ' bar bar conversation from the film The Exorcurl.', ' bar bar conversation from the film The Exorcarto.']"
92,6220,6220,/home/jinwoo/CLIPHacker/smoke2/results/generalization_100_seed1/samples/images/092_6220.jpg,zerocap,ZeroCap,cond_text=Image of a,Image of a crowded street showing anime sales.,1,"[' crowded street.', ' crowded street showing anime sales.', ' crowded Hong Kong Tuenanui street.', ' crowded Hong Kong Tuenanui district.', "" crowded Hong Kong Tuenanui street showing the city's lack-of""]"
93,9940,9940,/home/jinwoo/CLIPHacker/smoke2/results/generalization_100_seed1/samples/images/093_9940.jpg,zerocap,ZeroCap,cond_text=Image of a,Image of a street in Boulder featuring a view of Mount Rainer depicted in the new movie,4,"[' street in Boulder.', ' street in Boulder featuring a view of Mount Rain.', ' street in Boulder featuring a view of the crowd.', ' street in Boulder featuring a view deck.', ' street in Boulder featuring a view of Mount Rainer depicted in the new movie']"
94,9311,9311,/home/jinwoo/CLIPHacker/smoke2/results/generalization_100_seed1/samples/images/094_9311.jpg,zerocap,ZeroCap,cond_text=Image of a,Image of a tear falling in child's fountain.,1,"[' tear shower being laughed.', "" tear falling in child's fountain."", ' tear falling from.', ' tear shower being laughed at.', ' tear shower being laughed in the face.']"
95,19253,19253,/home/jinwoo/CLIPHacker/smoke2/results/generalization_100_seed1/samples/images/095_19253.jpg,zerocap,ZeroCap,cond_text=Image of a,Image of a protester holding scarf in the form of hair curls in the protest camp.,3,"[' victim.', ' protester holding scarf in the form of hair curls.', ' protester holding scarf in the form of hair curls in the face.', ' protester holding scarf in the form of hair curls in the protest camp.', ' protester holding scarf in the form of hair curls in the street.']"
96,28917,28917,/home/jinwoo/CLIPHacker/smoke2/results/generalization_100_seed1/samples/images/096_28917.jpg,zerocap,ZeroCap,cond_text=Image of a,"Image of a Shot Stealer"" by Trey Henderson.",3,"[' shot coming.', ' Shot Steal.', ' Shot Stealer.', ' Shot Stealer"" by Trey Henderson.', ' Shot Stealer"" is a reference to the ability in the competitive side-']"
97,16363,16363,/home/jinwoo/CLIPHacker/smoke2/results/generalization_100_seed1/samples/images/097_16363.jpg,zerocap,ZeroCap,cond_text=Image of a,Image of a Friend who sleeps in floor photo taken in China.,2,"[' Friend who sleeps in floor photo.', ' Friend who sleeps in the House.', ' Friend who sleeps in floor photo taken in China.', ' Friend who sleeps in floor.', ' Friend who sleeps in floor photo taken in the Philippines.']"
98,27728,27728,/home/jinwoo/CLIPHacker/smoke2/results/generalization_100_seed1/samples/images/098_27728.jpg,zerocap,ZeroCap,cond_text=Image of a,Image of a diver deployed in the area where the asteroid threat was taken.,2,"[' diver deployed in the area.', ' diver deployed in the area of the island.', ' diver deployed in the area where the asteroid threat was taken.', ' diver deployed in the area where the asteroid threat is seen moving in.', ' diver deployed in the area where the asteroid threat is seen moving in the Gulf']"
99,30831,30831,/home/jinwoo/CLIPHacker/smoke2/results/generalization_100_seed1/samples/images/099_30831.jpg,zerocap,ZeroCap,cond_text=Image of a,Image of a bizarre sandwich-eating woman.,0,"[' bizarre sandwich-eating woman.', ' bizarre sandwich-eating girl.', ' serial killer eating biscuits.', ' bizarre sandwich- eating woman.', ' bizarre sandwich-eating woman by David Morrissey.']"
