split_id,method_id,run_id,order,dataset_index,image_id,image_relpath,reference_captions,prompt_id,prompt_name,prompt_text,caption,candidate_id,selected,model,temperature,top_p,max_new_tokens,generation_config
flickr30k_main_seed1_train,behavior_analysis,behavior_analysis__behavior_312086edf8,4,25027,flickr30k_test_025027,images/flickr30k/flickr30k_test_025027.jpg,"[""A woman in turquoise dress and veil, a woman in orange print dress and blue veil, and a woman in yellow dress and violet veil, seated next to one another and viewed from behind."", ""Three women with headscarves and bright clothing take a ride in a rickshaw."", ""Women in Afghanistan who must cover themselves."", ""Three women are riding in a carriage together."", ""Three women are riding in a cart.""]",behavior_312086edf8,BehaviorAnalysis Step 18,"Produce exactly one concise natural‑language caption (a single sentence) that vividly and precisely describes the main subject(s), visible actions, interactions, and the setting; remain concrete, image‑centered and avoid speculation or subjective judgments. For every visible person or object state whether it is stationary or moving; when describing motion give horizontal direction first then vertical relative to the image frame (for example, ""from left to right,"" ""toward the camera while descending""), name any visible phase of motion (starting/ascending/peaking/descending/landing), and indicate whether motions are simultaneous or sequential. For each moving subject describe trajectory both relative to the main subject (passing to her right, approaching from behind, moving alongside) and relative to the camera (toward/away from the camera, to the left/right edge of the frame). For every visible person specify head orientation and precise gaze direction using clear phrases (for example, ""looking directly at the camera,"" ""eyes down at the phone,"" ""gaze directed up and to the left,"" ""looking toward the car""); do this for all people in the scene. When people interact, report only observable interaction cues and roles—describe who is addressing or reacting to whom using visible evidence (open mouth facing another as an indicator of speaking; turned body, raised hand or pointing as gestures; facing and still with closed mouth as listening or observing) rather than inference. For interactions with objects or structures state exactly how a subject is using them (holding, gripping, resting, pulling, supporting, leaning on), which hand and side (left/right), and whether the hand is in contact, gripping, merely near, or in motion versus resting. Describe body posture with concrete camera‑relative terms (standing, weight shifted onto left/right leg, slightly leaning forward/back, seated, reclining, crouching, mid‑jump, arms outstretched, knees bent) and specify orientation to the camera (facing the camera, in profile, back to the camera). Clarify precise spatial relationships, counts, arrangement, proximity and scale using camera‑relative language and clear phrases (foreground/midground/background; left/middle/right of frame; across the foreground of; directly in front of/behind; a few feet/meters apart; clustered closely; in a line or scattered). Describe lighting, shadows and visible surface textures with observable cues and an approximate shadow direction or length (for example, ""bright direct sunlight casting long shadows toward the lower left,"" ""diffuse overcast,"" ""wet pavement reflecting light""); note absence of distinct shadows when apparent. Report facial expressions or visible affect only when clearly evident using observable detail (open‑mouthed, smiling with teeth visible, furrowed brow). Keep the caption concise, factual and single‑sentence. Output exactly one single sentence.","Three women, two seated and one standing, are positioned closely together on a weathered green bench in a bustling outdoor setting, with the woman in the center wearing a blue headscarf and patterned orange top, her back to the camera, while the woman in the yellow top to her right leans forward with her left",0,1,Qwen/Qwen3-VL-8B-Instruct,0.0,,64,"{""temperature"": 0.0, ""top_p"": null, ""max_new_tokens"": 64}"
flickr30k_main_seed1_train,behavior_analysis,behavior_analysis__behavior_312086edf8,6,8358,flickr30k_test_008358,images/flickr30k/flickr30k_test_008358.jpg,"[""This guy is in midair while wearing a red soccer uniform."", ""A soccer player in a red shirt in diving into the air."", ""A man wearing a red jersey jumps in the air."", ""A soccer player is diving for the ball."", ""A soccer player diving on the field.""]",behavior_312086edf8,BehaviorAnalysis Step 18,"Produce exactly one concise natural‑language caption (a single sentence) that vividly and precisely describes the main subject(s), visible actions, interactions, and the setting; remain concrete, image‑centered and avoid speculation or subjective judgments. For every visible person or object state whether it is stationary or moving; when describing motion give horizontal direction first then vertical relative to the image frame (for example, ""from left to right,"" ""toward the camera while descending""), name any visible phase of motion (starting/ascending/peaking/descending/landing), and indicate whether motions are simultaneous or sequential. For each moving subject describe trajectory both relative to the main subject (passing to her right, approaching from behind, moving alongside) and relative to the camera (toward/away from the camera, to the left/right edge of the frame). For every visible person specify head orientation and precise gaze direction using clear phrases (for example, ""looking directly at the camera,"" ""eyes down at the phone,"" ""gaze directed up and to the left,"" ""looking toward the car""); do this for all people in the scene. When people interact, report only observable interaction cues and roles—describe who is addressing or reacting to whom using visible evidence (open mouth facing another as an indicator of speaking; turned body, raised hand or pointing as gestures; facing and still with closed mouth as listening or observing) rather than inference. For interactions with objects or structures state exactly how a subject is using them (holding, gripping, resting, pulling, supporting, leaning on), which hand and side (left/right), and whether the hand is in contact, gripping, merely near, or in motion versus resting. Describe body posture with concrete camera‑relative terms (standing, weight shifted onto left/right leg, slightly leaning forward/back, seated, reclining, crouching, mid‑jump, arms outstretched, knees bent) and specify orientation to the camera (facing the camera, in profile, back to the camera). Clarify precise spatial relationships, counts, arrangement, proximity and scale using camera‑relative language and clear phrases (foreground/midground/background; left/middle/right of frame; across the foreground of; directly in front of/behind; a few feet/meters apart; clustered closely; in a line or scattered). Describe lighting, shadows and visible surface textures with observable cues and an approximate shadow direction or length (for example, ""bright direct sunlight casting long shadows toward the lower left,"" ""diffuse overcast,"" ""wet pavement reflecting light""); note absence of distinct shadows when apparent. Report facial expressions or visible affect only when clearly evident using observable detail (open‑mouthed, smiling with teeth visible, furrowed brow). Keep the caption concise, factual and single‑sentence. Output exactly one single sentence.","A soccer goalkeeper in a red jersey with the number 1, wearing gloves and cleats, is captured mid-air in a diving motion from left to right and slightly downward, arms outstretched toward the camera's left, head turned to the right with gaze directed forward and slightly down, body parallel to the ground,",0,1,Qwen/Qwen3-VL-8B-Instruct,0.0,,64,"{""temperature"": 0.0, ""top_p"": null, ""max_new_tokens"": 64}"
flickr30k_main_seed1_train,behavior_analysis,behavior_analysis__behavior_312086edf8,17,15986,flickr30k_test_015986,images/flickr30k/flickr30k_test_015986.jpg,"[""A black and brown dog is jumping on blocks of concrete in the water."", ""Black dog looking at his reflection in the water."", ""A black dog carefully crosses over some water."", ""Black dog near a dock looks into murky water"", ""The black dog jumps on a cinderblock.""]",behavior_312086edf8,BehaviorAnalysis Step 18,"Produce exactly one concise natural‑language caption (a single sentence) that vividly and precisely describes the main subject(s), visible actions, interactions, and the setting; remain concrete, image‑centered and avoid speculation or subjective judgments. For every visible person or object state whether it is stationary or moving; when describing motion give horizontal direction first then vertical relative to the image frame (for example, ""from left to right,"" ""toward the camera while descending""), name any visible phase of motion (starting/ascending/peaking/descending/landing), and indicate whether motions are simultaneous or sequential. For each moving subject describe trajectory both relative to the main subject (passing to her right, approaching from behind, moving alongside) and relative to the camera (toward/away from the camera, to the left/right edge of the frame). For every visible person specify head orientation and precise gaze direction using clear phrases (for example, ""looking directly at the camera,"" ""eyes down at the phone,"" ""gaze directed up and to the left,"" ""looking toward the car""); do this for all people in the scene. When people interact, report only observable interaction cues and roles—describe who is addressing or reacting to whom using visible evidence (open mouth facing another as an indicator of speaking; turned body, raised hand or pointing as gestures; facing and still with closed mouth as listening or observing) rather than inference. For interactions with objects or structures state exactly how a subject is using them (holding, gripping, resting, pulling, supporting, leaning on), which hand and side (left/right), and whether the hand is in contact, gripping, merely near, or in motion versus resting. Describe body posture with concrete camera‑relative terms (standing, weight shifted onto left/right leg, slightly leaning forward/back, seated, reclining, crouching, mid‑jump, arms outstretched, knees bent) and specify orientation to the camera (facing the camera, in profile, back to the camera). Clarify precise spatial relationships, counts, arrangement, proximity and scale using camera‑relative language and clear phrases (foreground/midground/background; left/middle/right of frame; across the foreground of; directly in front of/behind; a few feet/meters apart; clustered closely; in a line or scattered). Describe lighting, shadows and visible surface textures with observable cues and an approximate shadow direction or length (for example, ""bright direct sunlight casting long shadows toward the lower left,"" ""diffuse overcast,"" ""wet pavement reflecting light""); note absence of distinct shadows when apparent. Report facial expressions or visible affect only when clearly evident using observable detail (open‑mouthed, smiling with teeth visible, furrowed brow). Keep the caption concise, factual and single‑sentence. Output exactly one single sentence.","A black and tan dog stands in the foreground on a concrete block partially submerged in water, its head lowered and nose pointed downward as it sniffs the surface, while a wooden dock extends behind it into the calm, reflective water under diffuse overcast lighting.",0,1,Qwen/Qwen3-VL-8B-Instruct,0.0,,64,"{""temperature"": 0.0, ""top_p"": null, ""max_new_tokens"": 64}"
flickr30k_main_seed1_train,behavior_analysis,behavior_analysis__behavior_312086edf8,18,928,flickr30k_test_000928,images/flickr30k/flickr30k_test_000928.jpg,"[""A woman with a red jacket and her companion eating snacks."", ""A young man and woman enjoy some ribs in the evening."", ""Two people are eating barbecue ribs at night."", ""A man and a woman about to eat."", ""These two people are eating.""]",behavior_312086edf8,BehaviorAnalysis Step 18,"Produce exactly one concise natural‑language caption (a single sentence) that vividly and precisely describes the main subject(s), visible actions, interactions, and the setting; remain concrete, image‑centered and avoid speculation or subjective judgments. For every visible person or object state whether it is stationary or moving; when describing motion give horizontal direction first then vertical relative to the image frame (for example, ""from left to right,"" ""toward the camera while descending""), name any visible phase of motion (starting/ascending/peaking/descending/landing), and indicate whether motions are simultaneous or sequential. For each moving subject describe trajectory both relative to the main subject (passing to her right, approaching from behind, moving alongside) and relative to the camera (toward/away from the camera, to the left/right edge of the frame). For every visible person specify head orientation and precise gaze direction using clear phrases (for example, ""looking directly at the camera,"" ""eyes down at the phone,"" ""gaze directed up and to the left,"" ""looking toward the car""); do this for all people in the scene. When people interact, report only observable interaction cues and roles—describe who is addressing or reacting to whom using visible evidence (open mouth facing another as an indicator of speaking; turned body, raised hand or pointing as gestures; facing and still with closed mouth as listening or observing) rather than inference. For interactions with objects or structures state exactly how a subject is using them (holding, gripping, resting, pulling, supporting, leaning on), which hand and side (left/right), and whether the hand is in contact, gripping, merely near, or in motion versus resting. Describe body posture with concrete camera‑relative terms (standing, weight shifted onto left/right leg, slightly leaning forward/back, seated, reclining, crouching, mid‑jump, arms outstretched, knees bent) and specify orientation to the camera (facing the camera, in profile, back to the camera). Clarify precise spatial relationships, counts, arrangement, proximity and scale using camera‑relative language and clear phrases (foreground/midground/background; left/middle/right of frame; across the foreground of; directly in front of/behind; a few feet/meters apart; clustered closely; in a line or scattered). Describe lighting, shadows and visible surface textures with observable cues and an approximate shadow direction or length (for example, ""bright direct sunlight casting long shadows toward the lower left,"" ""diffuse overcast,"" ""wet pavement reflecting light""); note absence of distinct shadows when apparent. Report facial expressions or visible affect only when clearly evident using observable detail (open‑mouthed, smiling with teeth visible, furrowed brow). Keep the caption concise, factual and single‑sentence. Output exactly one single sentence.","A man in a black Rolling Stones t-shirt holding a piece of food in his right hand and smiling while looking down at it, standing closely beside a woman in a red jacket who is also holding food and looking down at it, both stationary in a dimly lit nighttime setting with smoke visible in the foreground.",0,1,Qwen/Qwen3-VL-8B-Instruct,0.0,,64,"{""temperature"": 0.0, ""top_p"": null, ""max_new_tokens"": 64}"
flickr30k_main_seed1_train,behavior_analysis,behavior_analysis__behavior_312086edf8,24,24978,flickr30k_test_024978,images/flickr30k/flickr30k_test_024978.jpg,"[""A man in a blue shirt and brown pants is sitting next to a parked blue car."", ""A man in a blue sweater is sitting outside in front of a blue car."", ""A man in a blue shirt is sitting beside a blue van"", ""An elderly man sits in a chair in an alleyway."", ""The man in the blue shirt looks very lonely.""]",behavior_312086edf8,BehaviorAnalysis Step 18,"Produce exactly one concise natural‑language caption (a single sentence) that vividly and precisely describes the main subject(s), visible actions, interactions, and the setting; remain concrete, image‑centered and avoid speculation or subjective judgments. For every visible person or object state whether it is stationary or moving; when describing motion give horizontal direction first then vertical relative to the image frame (for example, ""from left to right,"" ""toward the camera while descending""), name any visible phase of motion (starting/ascending/peaking/descending/landing), and indicate whether motions are simultaneous or sequential. For each moving subject describe trajectory both relative to the main subject (passing to her right, approaching from behind, moving alongside) and relative to the camera (toward/away from the camera, to the left/right edge of the frame). For every visible person specify head orientation and precise gaze direction using clear phrases (for example, ""looking directly at the camera,"" ""eyes down at the phone,"" ""gaze directed up and to the left,"" ""looking toward the car""); do this for all people in the scene. When people interact, report only observable interaction cues and roles—describe who is addressing or reacting to whom using visible evidence (open mouth facing another as an indicator of speaking; turned body, raised hand or pointing as gestures; facing and still with closed mouth as listening or observing) rather than inference. For interactions with objects or structures state exactly how a subject is using them (holding, gripping, resting, pulling, supporting, leaning on), which hand and side (left/right), and whether the hand is in contact, gripping, merely near, or in motion versus resting. Describe body posture with concrete camera‑relative terms (standing, weight shifted onto left/right leg, slightly leaning forward/back, seated, reclining, crouching, mid‑jump, arms outstretched, knees bent) and specify orientation to the camera (facing the camera, in profile, back to the camera). Clarify precise spatial relationships, counts, arrangement, proximity and scale using camera‑relative language and clear phrases (foreground/midground/background; left/middle/right of frame; across the foreground of; directly in front of/behind; a few feet/meters apart; clustered closely; in a line or scattered). Describe lighting, shadows and visible surface textures with observable cues and an approximate shadow direction or length (for example, ""bright direct sunlight casting long shadows toward the lower left,"" ""diffuse overcast,"" ""wet pavement reflecting light""); note absence of distinct shadows when apparent. Report facial expressions or visible affect only when clearly evident using observable detail (open‑mouthed, smiling with teeth visible, furrowed brow). Keep the caption concise, factual and single‑sentence. Output exactly one single sentence.","A man in profile, seated on a folding chair in the midground of a narrow alleyway, gazes toward the right side of the frame while resting his left hand on his lap and his right hand near his thigh, with a blue car parked behind him and weathered walls bearing graffiti and text in the background under",0,1,Qwen/Qwen3-VL-8B-Instruct,0.0,,64,"{""temperature"": 0.0, ""top_p"": null, ""max_new_tokens"": 64}"
flickr30k_main_seed1_train,behavior_analysis,behavior_analysis__behavior_312086edf8,30,23643,flickr30k_test_023643,images/flickr30k/flickr30k_test_023643.jpg,"[""A little girl in a red and white shirt stands next to some caricatures of celebrities at an art fair."", ""A little girl in a red print sundress walked through an outdoor artist display."", ""A little girl wearing red is standing in front of caricature"", ""A girls stands by a caricature artist's drawings."", ""Little girl posing for a caricature.""]",behavior_312086edf8,BehaviorAnalysis Step 18,"Produce exactly one concise natural‑language caption (a single sentence) that vividly and precisely describes the main subject(s), visible actions, interactions, and the setting; remain concrete, image‑centered and avoid speculation or subjective judgments. For every visible person or object state whether it is stationary or moving; when describing motion give horizontal direction first then vertical relative to the image frame (for example, ""from left to right,"" ""toward the camera while descending""), name any visible phase of motion (starting/ascending/peaking/descending/landing), and indicate whether motions are simultaneous or sequential. For each moving subject describe trajectory both relative to the main subject (passing to her right, approaching from behind, moving alongside) and relative to the camera (toward/away from the camera, to the left/right edge of the frame). For every visible person specify head orientation and precise gaze direction using clear phrases (for example, ""looking directly at the camera,"" ""eyes down at the phone,"" ""gaze directed up and to the left,"" ""looking toward the car""); do this for all people in the scene. When people interact, report only observable interaction cues and roles—describe who is addressing or reacting to whom using visible evidence (open mouth facing another as an indicator of speaking; turned body, raised hand or pointing as gestures; facing and still with closed mouth as listening or observing) rather than inference. For interactions with objects or structures state exactly how a subject is using them (holding, gripping, resting, pulling, supporting, leaning on), which hand and side (left/right), and whether the hand is in contact, gripping, merely near, or in motion versus resting. Describe body posture with concrete camera‑relative terms (standing, weight shifted onto left/right leg, slightly leaning forward/back, seated, reclining, crouching, mid‑jump, arms outstretched, knees bent) and specify orientation to the camera (facing the camera, in profile, back to the camera). Clarify precise spatial relationships, counts, arrangement, proximity and scale using camera‑relative language and clear phrases (foreground/midground/background; left/middle/right of frame; across the foreground of; directly in front of/behind; a few feet/meters apart; clustered closely; in a line or scattered). Describe lighting, shadows and visible surface textures with observable cues and an approximate shadow direction or length (for example, ""bright direct sunlight casting long shadows toward the lower left,"" ""diffuse overcast,"" ""wet pavement reflecting light""); note absence of distinct shadows when apparent. Report facial expressions or visible affect only when clearly evident using observable detail (open‑mouthed, smiling with teeth visible, furrowed brow). Keep the caption concise, factual and single‑sentence. Output exactly one single sentence.","A young girl with curly hair, wearing a red and white patterned top and a pink headband, sits in the foreground facing the camera with a slight smile, while behind her, under a large black umbrella with ""Capehart"" printed on it, various artists and their easels are set up in a bustling",0,1,Qwen/Qwen3-VL-8B-Instruct,0.0,,64,"{""temperature"": 0.0, ""top_p"": null, ""max_new_tokens"": 64}"
flickr30k_main_seed1_train,behavior_analysis,behavior_analysis__behavior_312086edf8,33,19370,flickr30k_test_019370,images/flickr30k/flickr30k_test_019370.jpg,"[""A bicyclist waiting for traffic to pass so he can cross the street."", ""A man in a white polo shirt walks his red bike across a crosswalk."", ""A man with a beard is walking his bike across the street."", ""A man with a bicycle walks by a street crossing."", ""A man is riding a bicycle in the street.""]",behavior_312086edf8,BehaviorAnalysis Step 18,"Produce exactly one concise natural‑language caption (a single sentence) that vividly and precisely describes the main subject(s), visible actions, interactions, and the setting; remain concrete, image‑centered and avoid speculation or subjective judgments. For every visible person or object state whether it is stationary or moving; when describing motion give horizontal direction first then vertical relative to the image frame (for example, ""from left to right,"" ""toward the camera while descending""), name any visible phase of motion (starting/ascending/peaking/descending/landing), and indicate whether motions are simultaneous or sequential. For each moving subject describe trajectory both relative to the main subject (passing to her right, approaching from behind, moving alongside) and relative to the camera (toward/away from the camera, to the left/right edge of the frame). For every visible person specify head orientation and precise gaze direction using clear phrases (for example, ""looking directly at the camera,"" ""eyes down at the phone,"" ""gaze directed up and to the left,"" ""looking toward the car""); do this for all people in the scene. When people interact, report only observable interaction cues and roles—describe who is addressing or reacting to whom using visible evidence (open mouth facing another as an indicator of speaking; turned body, raised hand or pointing as gestures; facing and still with closed mouth as listening or observing) rather than inference. For interactions with objects or structures state exactly how a subject is using them (holding, gripping, resting, pulling, supporting, leaning on), which hand and side (left/right), and whether the hand is in contact, gripping, merely near, or in motion versus resting. Describe body posture with concrete camera‑relative terms (standing, weight shifted onto left/right leg, slightly leaning forward/back, seated, reclining, crouching, mid‑jump, arms outstretched, knees bent) and specify orientation to the camera (facing the camera, in profile, back to the camera). Clarify precise spatial relationships, counts, arrangement, proximity and scale using camera‑relative language and clear phrases (foreground/midground/background; left/middle/right of frame; across the foreground of; directly in front of/behind; a few feet/meters apart; clustered closely; in a line or scattered). Describe lighting, shadows and visible surface textures with observable cues and an approximate shadow direction or length (for example, ""bright direct sunlight casting long shadows toward the lower left,"" ""diffuse overcast,"" ""wet pavement reflecting light""); note absence of distinct shadows when apparent. Report facial expressions or visible affect only when clearly evident using observable detail (open‑mouthed, smiling with teeth visible, furrowed brow). Keep the caption concise, factual and single‑sentence. Output exactly one single sentence.","A man in a white shirt and shorts, standing in the midground of a sunlit street with his bicycle, holds the handlebars with both hands while looking toward the camera, casting a distinct shadow to his right on the asphalt as he stands stationary near a crosswalk.",0,1,Qwen/Qwen3-VL-8B-Instruct,0.0,,64,"{""temperature"": 0.0, ""top_p"": null, ""max_new_tokens"": 64}"
flickr30k_main_seed1_train,behavior_analysis,behavior_analysis__behavior_312086edf8,37,10401,flickr30k_test_010401,images/flickr30k/flickr30k_test_010401.jpg,"[""A girl in a blue sweater with a white pattern is jumping into a pile of leaves."", ""A young girl is diving into a pile of brown leaves in the yard."", ""A girl in a sweater diving into a pile of leaves."", ""A girl is jumping into a pile of leaves."", ""A girl is jumping into a pile of leaves""]",behavior_312086edf8,BehaviorAnalysis Step 18,"Produce exactly one concise natural‑language caption (a single sentence) that vividly and precisely describes the main subject(s), visible actions, interactions, and the setting; remain concrete, image‑centered and avoid speculation or subjective judgments. For every visible person or object state whether it is stationary or moving; when describing motion give horizontal direction first then vertical relative to the image frame (for example, ""from left to right,"" ""toward the camera while descending""), name any visible phase of motion (starting/ascending/peaking/descending/landing), and indicate whether motions are simultaneous or sequential. For each moving subject describe trajectory both relative to the main subject (passing to her right, approaching from behind, moving alongside) and relative to the camera (toward/away from the camera, to the left/right edge of the frame). For every visible person specify head orientation and precise gaze direction using clear phrases (for example, ""looking directly at the camera,"" ""eyes down at the phone,"" ""gaze directed up and to the left,"" ""looking toward the car""); do this for all people in the scene. When people interact, report only observable interaction cues and roles—describe who is addressing or reacting to whom using visible evidence (open mouth facing another as an indicator of speaking; turned body, raised hand or pointing as gestures; facing and still with closed mouth as listening or observing) rather than inference. For interactions with objects or structures state exactly how a subject is using them (holding, gripping, resting, pulling, supporting, leaning on), which hand and side (left/right), and whether the hand is in contact, gripping, merely near, or in motion versus resting. Describe body posture with concrete camera‑relative terms (standing, weight shifted onto left/right leg, slightly leaning forward/back, seated, reclining, crouching, mid‑jump, arms outstretched, knees bent) and specify orientation to the camera (facing the camera, in profile, back to the camera). Clarify precise spatial relationships, counts, arrangement, proximity and scale using camera‑relative language and clear phrases (foreground/midground/background; left/middle/right of frame; across the foreground of; directly in front of/behind; a few feet/meters apart; clustered closely; in a line or scattered). Describe lighting, shadows and visible surface textures with observable cues and an approximate shadow direction or length (for example, ""bright direct sunlight casting long shadows toward the lower left,"" ""diffuse overcast,"" ""wet pavement reflecting light""); note absence of distinct shadows when apparent. Report facial expressions or visible affect only when clearly evident using observable detail (open‑mouthed, smiling with teeth visible, furrowed brow). Keep the caption concise, factual and single‑sentence. Output exactly one single sentence.","A girl in a blue sweater with white trim is mid-air, arms outstretched and hands reaching toward a large pile of fallen leaves in the foreground, her body oriented toward the camera with her head tilted slightly upward and gaze directed forward, while a silver vehicle is visible in the background behind her.",0,1,Qwen/Qwen3-VL-8B-Instruct,0.0,,64,"{""temperature"": 0.0, ""top_p"": null, ""max_new_tokens"": 64}"
flickr30k_main_seed1_train,behavior_analysis,behavior_analysis__behavior_312086edf8,41,21284,flickr30k_test_021284,images/flickr30k/flickr30k_test_021284.jpg,"[""A group of men in black suits and black hats are standing along a parade route."", ""A group of Hasidic Jews stand amidst a crowd adjacent to a busy city street."", ""Bearded men wearing black gather together outside of a religious service."", ""People in black hats gathered together downtown."", ""Many jewish men in a city.""]",behavior_312086edf8,BehaviorAnalysis Step 18,"Produce exactly one concise natural‑language caption (a single sentence) that vividly and precisely describes the main subject(s), visible actions, interactions, and the setting; remain concrete, image‑centered and avoid speculation or subjective judgments. For every visible person or object state whether it is stationary or moving; when describing motion give horizontal direction first then vertical relative to the image frame (for example, ""from left to right,"" ""toward the camera while descending""), name any visible phase of motion (starting/ascending/peaking/descending/landing), and indicate whether motions are simultaneous or sequential. For each moving subject describe trajectory both relative to the main subject (passing to her right, approaching from behind, moving alongside) and relative to the camera (toward/away from the camera, to the left/right edge of the frame). For every visible person specify head orientation and precise gaze direction using clear phrases (for example, ""looking directly at the camera,"" ""eyes down at the phone,"" ""gaze directed up and to the left,"" ""looking toward the car""); do this for all people in the scene. When people interact, report only observable interaction cues and roles—describe who is addressing or reacting to whom using visible evidence (open mouth facing another as an indicator of speaking; turned body, raised hand or pointing as gestures; facing and still with closed mouth as listening or observing) rather than inference. For interactions with objects or structures state exactly how a subject is using them (holding, gripping, resting, pulling, supporting, leaning on), which hand and side (left/right), and whether the hand is in contact, gripping, merely near, or in motion versus resting. Describe body posture with concrete camera‑relative terms (standing, weight shifted onto left/right leg, slightly leaning forward/back, seated, reclining, crouching, mid‑jump, arms outstretched, knees bent) and specify orientation to the camera (facing the camera, in profile, back to the camera). Clarify precise spatial relationships, counts, arrangement, proximity and scale using camera‑relative language and clear phrases (foreground/midground/background; left/middle/right of frame; across the foreground of; directly in front of/behind; a few feet/meters apart; clustered closely; in a line or scattered). Describe lighting, shadows and visible surface textures with observable cues and an approximate shadow direction or length (for example, ""bright direct sunlight casting long shadows toward the lower left,"" ""diffuse overcast,"" ""wet pavement reflecting light""); note absence of distinct shadows when apparent. Report facial expressions or visible affect only when clearly evident using observable detail (open‑mouthed, smiling with teeth visible, furrowed brow). Keep the caption concise, factual and single‑sentence. Output exactly one single sentence.","A cluster of men wearing black hats and coats stands closely in the foreground, some facing each other while others look toward the camera or away, amidst a crowd holding Palestinian flags and signs in a city street scene under bright daylight.",0,1,Qwen/Qwen3-VL-8B-Instruct,0.0,,64,"{""temperature"": 0.0, ""top_p"": null, ""max_new_tokens"": 64}"
flickr30k_main_seed1_train,behavior_analysis,behavior_analysis__behavior_312086edf8,54,25024,flickr30k_test_025024,images/flickr30k/flickr30k_test_025024.jpg,"[""Eleven children sit next to each other on a stoop in front of a blue grating while holding objects in front of their eyes."", ""Smiling children are sitting on concrete slab displaying a small item in their hands."", ""Several young children are sitting outside laughing and looking through objects."", ""Eleven children sitting together, holding something up, and laughing."", ""A group of children sitting together eating donuts.""]",behavior_312086edf8,BehaviorAnalysis Step 18,"Produce exactly one concise natural‑language caption (a single sentence) that vividly and precisely describes the main subject(s), visible actions, interactions, and the setting; remain concrete, image‑centered and avoid speculation or subjective judgments. For every visible person or object state whether it is stationary or moving; when describing motion give horizontal direction first then vertical relative to the image frame (for example, ""from left to right,"" ""toward the camera while descending""), name any visible phase of motion (starting/ascending/peaking/descending/landing), and indicate whether motions are simultaneous or sequential. For each moving subject describe trajectory both relative to the main subject (passing to her right, approaching from behind, moving alongside) and relative to the camera (toward/away from the camera, to the left/right edge of the frame). For every visible person specify head orientation and precise gaze direction using clear phrases (for example, ""looking directly at the camera,"" ""eyes down at the phone,"" ""gaze directed up and to the left,"" ""looking toward the car""); do this for all people in the scene. When people interact, report only observable interaction cues and roles—describe who is addressing or reacting to whom using visible evidence (open mouth facing another as an indicator of speaking; turned body, raised hand or pointing as gestures; facing and still with closed mouth as listening or observing) rather than inference. For interactions with objects or structures state exactly how a subject is using them (holding, gripping, resting, pulling, supporting, leaning on), which hand and side (left/right), and whether the hand is in contact, gripping, merely near, or in motion versus resting. Describe body posture with concrete camera‑relative terms (standing, weight shifted onto left/right leg, slightly leaning forward/back, seated, reclining, crouching, mid‑jump, arms outstretched, knees bent) and specify orientation to the camera (facing the camera, in profile, back to the camera). Clarify precise spatial relationships, counts, arrangement, proximity and scale using camera‑relative language and clear phrases (foreground/midground/background; left/middle/right of frame; across the foreground of; directly in front of/behind; a few feet/meters apart; clustered closely; in a line or scattered). Describe lighting, shadows and visible surface textures with observable cues and an approximate shadow direction or length (for example, ""bright direct sunlight casting long shadows toward the lower left,"" ""diffuse overcast,"" ""wet pavement reflecting light""); note absence of distinct shadows when apparent. Report facial expressions or visible affect only when clearly evident using observable detail (open‑mouthed, smiling with teeth visible, furrowed brow). Keep the caption concise, factual and single‑sentence. Output exactly one single sentence.","A line of nine children, seated closely together on a concrete surface in front of a blue metal-barred door, all face the camera with varied playful expressions—some smiling broadly, others making hand gestures or sticking out tongues—while remaining stationary, their bodies mostly facing forward with heads oriented toward the viewer, and their feet",0,1,Qwen/Qwen3-VL-8B-Instruct,0.0,,64,"{""temperature"": 0.0, ""top_p"": null, ""max_new_tokens"": 64}"
flickr30k_main_seed1_train,behavior_analysis,behavior_analysis__behavior_312086edf8,56,16246,flickr30k_test_016246,images/flickr30k/flickr30k_test_016246.jpg,"[""A child is holding a bunch of balloons in front of their face."", ""A child holding balloons that cover their face."", ""A little boy holds many inflated balloons."", ""Child carrying a bouquet of balloons."", ""A young child carrying many balloons.""]",behavior_312086edf8,BehaviorAnalysis Step 18,"Produce exactly one concise natural‑language caption (a single sentence) that vividly and precisely describes the main subject(s), visible actions, interactions, and the setting; remain concrete, image‑centered and avoid speculation or subjective judgments. For every visible person or object state whether it is stationary or moving; when describing motion give horizontal direction first then vertical relative to the image frame (for example, ""from left to right,"" ""toward the camera while descending""), name any visible phase of motion (starting/ascending/peaking/descending/landing), and indicate whether motions are simultaneous or sequential. For each moving subject describe trajectory both relative to the main subject (passing to her right, approaching from behind, moving alongside) and relative to the camera (toward/away from the camera, to the left/right edge of the frame). For every visible person specify head orientation and precise gaze direction using clear phrases (for example, ""looking directly at the camera,"" ""eyes down at the phone,"" ""gaze directed up and to the left,"" ""looking toward the car""); do this for all people in the scene. When people interact, report only observable interaction cues and roles—describe who is addressing or reacting to whom using visible evidence (open mouth facing another as an indicator of speaking; turned body, raised hand or pointing as gestures; facing and still with closed mouth as listening or observing) rather than inference. For interactions with objects or structures state exactly how a subject is using them (holding, gripping, resting, pulling, supporting, leaning on), which hand and side (left/right), and whether the hand is in contact, gripping, merely near, or in motion versus resting. Describe body posture with concrete camera‑relative terms (standing, weight shifted onto left/right leg, slightly leaning forward/back, seated, reclining, crouching, mid‑jump, arms outstretched, knees bent) and specify orientation to the camera (facing the camera, in profile, back to the camera). Clarify precise spatial relationships, counts, arrangement, proximity and scale using camera‑relative language and clear phrases (foreground/midground/background; left/middle/right of frame; across the foreground of; directly in front of/behind; a few feet/meters apart; clustered closely; in a line or scattered). Describe lighting, shadows and visible surface textures with observable cues and an approximate shadow direction or length (for example, ""bright direct sunlight casting long shadows toward the lower left,"" ""diffuse overcast,"" ""wet pavement reflecting light""); note absence of distinct shadows when apparent. Report facial expressions or visible affect only when clearly evident using observable detail (open‑mouthed, smiling with teeth visible, furrowed brow). Keep the caption concise, factual and single‑sentence. Output exactly one single sentence.","A child in a blue outfit and flip-flops, standing in profile facing right, holds a cluster of colorful, patterned balloons in both hands while walking from left to right across the foreground, with motorcycles and a person in the background.",0,1,Qwen/Qwen3-VL-8B-Instruct,0.0,,64,"{""temperature"": 0.0, ""top_p"": null, ""max_new_tokens"": 64}"
flickr30k_main_seed1_train,behavior_analysis,behavior_analysis__behavior_312086edf8,65,9495,flickr30k_test_009495,images/flickr30k/flickr30k_test_009495.jpg,"[""A woman with a yellow \""Miller\"" bag has her hand on a seated man, while another woman with the same type yellow \""Miller\"" bag is standing close to them."", ""A man and two women talk while looking at his reflection in the mirror."", ""A woman with a yellow shoulder bag gives a man a massage."", ""Two girls with yellow bags hanging out at a bar."", ""A bar with 2 girls and a man sitting on a table""]",behavior_312086edf8,BehaviorAnalysis Step 18,"Produce exactly one concise natural‑language caption (a single sentence) that vividly and precisely describes the main subject(s), visible actions, interactions, and the setting; remain concrete, image‑centered and avoid speculation or subjective judgments. For every visible person or object state whether it is stationary or moving; when describing motion give horizontal direction first then vertical relative to the image frame (for example, ""from left to right,"" ""toward the camera while descending""), name any visible phase of motion (starting/ascending/peaking/descending/landing), and indicate whether motions are simultaneous or sequential. For each moving subject describe trajectory both relative to the main subject (passing to her right, approaching from behind, moving alongside) and relative to the camera (toward/away from the camera, to the left/right edge of the frame). For every visible person specify head orientation and precise gaze direction using clear phrases (for example, ""looking directly at the camera,"" ""eyes down at the phone,"" ""gaze directed up and to the left,"" ""looking toward the car""); do this for all people in the scene. When people interact, report only observable interaction cues and roles—describe who is addressing or reacting to whom using visible evidence (open mouth facing another as an indicator of speaking; turned body, raised hand or pointing as gestures; facing and still with closed mouth as listening or observing) rather than inference. For interactions with objects or structures state exactly how a subject is using them (holding, gripping, resting, pulling, supporting, leaning on), which hand and side (left/right), and whether the hand is in contact, gripping, merely near, or in motion versus resting. Describe body posture with concrete camera‑relative terms (standing, weight shifted onto left/right leg, slightly leaning forward/back, seated, reclining, crouching, mid‑jump, arms outstretched, knees bent) and specify orientation to the camera (facing the camera, in profile, back to the camera). Clarify precise spatial relationships, counts, arrangement, proximity and scale using camera‑relative language and clear phrases (foreground/midground/background; left/middle/right of frame; across the foreground of; directly in front of/behind; a few feet/meters apart; clustered closely; in a line or scattered). Describe lighting, shadows and visible surface textures with observable cues and an approximate shadow direction or length (for example, ""bright direct sunlight casting long shadows toward the lower left,"" ""diffuse overcast,"" ""wet pavement reflecting light""); note absence of distinct shadows when apparent. Report facial expressions or visible affect only when clearly evident using observable detail (open‑mouthed, smiling with teeth visible, furrowed brow). Keep the caption concise, factual and single‑sentence. Output exactly one single sentence.","In a dimly lit room with patterned wallpaper, a woman in a light shirt and dark skirt stands with her back to the camera, holding a yellow and black bag over her right shoulder, while another woman in a black outfit stands nearby, also with a similar bag, both facing a group of people in the doorway",0,1,Qwen/Qwen3-VL-8B-Instruct,0.0,,64,"{""temperature"": 0.0, ""top_p"": null, ""max_new_tokens"": 64}"
flickr30k_main_seed1_train,behavior_analysis,behavior_analysis__behavior_312086edf8,74,3276,flickr30k_test_003276,images/flickr30k/flickr30k_test_003276.jpg,"[""A group of nicely dressed people sitting at a long table with several bottles of wine on it."", ""People are sitting at long dining tables in a tent at some formal event."", ""A long dinner table with rows of people talking waiting for their food."", ""Many people sit at a long dinner table at a formal event."", ""Banquet attendees are waiting for the meal to be served.""]",behavior_312086edf8,BehaviorAnalysis Step 18,"Produce exactly one concise natural‑language caption (a single sentence) that vividly and precisely describes the main subject(s), visible actions, interactions, and the setting; remain concrete, image‑centered and avoid speculation or subjective judgments. For every visible person or object state whether it is stationary or moving; when describing motion give horizontal direction first then vertical relative to the image frame (for example, ""from left to right,"" ""toward the camera while descending""), name any visible phase of motion (starting/ascending/peaking/descending/landing), and indicate whether motions are simultaneous or sequential. For each moving subject describe trajectory both relative to the main subject (passing to her right, approaching from behind, moving alongside) and relative to the camera (toward/away from the camera, to the left/right edge of the frame). For every visible person specify head orientation and precise gaze direction using clear phrases (for example, ""looking directly at the camera,"" ""eyes down at the phone,"" ""gaze directed up and to the left,"" ""looking toward the car""); do this for all people in the scene. When people interact, report only observable interaction cues and roles—describe who is addressing or reacting to whom using visible evidence (open mouth facing another as an indicator of speaking; turned body, raised hand or pointing as gestures; facing and still with closed mouth as listening or observing) rather than inference. For interactions with objects or structures state exactly how a subject is using them (holding, gripping, resting, pulling, supporting, leaning on), which hand and side (left/right), and whether the hand is in contact, gripping, merely near, or in motion versus resting. Describe body posture with concrete camera‑relative terms (standing, weight shifted onto left/right leg, slightly leaning forward/back, seated, reclining, crouching, mid‑jump, arms outstretched, knees bent) and specify orientation to the camera (facing the camera, in profile, back to the camera). Clarify precise spatial relationships, counts, arrangement, proximity and scale using camera‑relative language and clear phrases (foreground/midground/background; left/middle/right of frame; across the foreground of; directly in front of/behind; a few feet/meters apart; clustered closely; in a line or scattered). Describe lighting, shadows and visible surface textures with observable cues and an approximate shadow direction or length (for example, ""bright direct sunlight casting long shadows toward the lower left,"" ""diffuse overcast,"" ""wet pavement reflecting light""); note absence of distinct shadows when apparent. Report facial expressions or visible affect only when clearly evident using observable detail (open‑mouthed, smiling with teeth visible, furrowed brow). Keep the caption concise, factual and single‑sentence. Output exactly one single sentence.","In a brightly lit white tent, guests seated along a long table with wine bottles and glasses are mostly facing forward or toward each other, with some looking toward the camera while others gaze down or to the side, their hands resting on the table or holding cutlery, and the man in the foreground wearing glasses and a",0,1,Qwen/Qwen3-VL-8B-Instruct,0.0,,64,"{""temperature"": 0.0, ""top_p"": null, ""max_new_tokens"": 64}"
flickr30k_main_seed1_train,behavior_analysis,behavior_analysis__behavior_312086edf8,80,3961,flickr30k_test_003961,images/flickr30k/flickr30k_test_003961.jpg,"[""A woman, viewed through a window, sits at a restaurant table and puts down a red shopping bag."", ""A woman is sitting at a table and looking into her American Girl Place shopping bag."", ""A woman places her red shopping bag down as she sits down to a table."", ""An older woman in a white shirt holds a red bag behind some glass."", ""Woman seen through window at restaurant.""]",behavior_312086edf8,BehaviorAnalysis Step 18,"Produce exactly one concise natural‑language caption (a single sentence) that vividly and precisely describes the main subject(s), visible actions, interactions, and the setting; remain concrete, image‑centered and avoid speculation or subjective judgments. For every visible person or object state whether it is stationary or moving; when describing motion give horizontal direction first then vertical relative to the image frame (for example, ""from left to right,"" ""toward the camera while descending""), name any visible phase of motion (starting/ascending/peaking/descending/landing), and indicate whether motions are simultaneous or sequential. For each moving subject describe trajectory both relative to the main subject (passing to her right, approaching from behind, moving alongside) and relative to the camera (toward/away from the camera, to the left/right edge of the frame). For every visible person specify head orientation and precise gaze direction using clear phrases (for example, ""looking directly at the camera,"" ""eyes down at the phone,"" ""gaze directed up and to the left,"" ""looking toward the car""); do this for all people in the scene. When people interact, report only observable interaction cues and roles—describe who is addressing or reacting to whom using visible evidence (open mouth facing another as an indicator of speaking; turned body, raised hand or pointing as gestures; facing and still with closed mouth as listening or observing) rather than inference. For interactions with objects or structures state exactly how a subject is using them (holding, gripping, resting, pulling, supporting, leaning on), which hand and side (left/right), and whether the hand is in contact, gripping, merely near, or in motion versus resting. Describe body posture with concrete camera‑relative terms (standing, weight shifted onto left/right leg, slightly leaning forward/back, seated, reclining, crouching, mid‑jump, arms outstretched, knees bent) and specify orientation to the camera (facing the camera, in profile, back to the camera). Clarify precise spatial relationships, counts, arrangement, proximity and scale using camera‑relative language and clear phrases (foreground/midground/background; left/middle/right of frame; across the foreground of; directly in front of/behind; a few feet/meters apart; clustered closely; in a line or scattered). Describe lighting, shadows and visible surface textures with observable cues and an approximate shadow direction or length (for example, ""bright direct sunlight casting long shadows toward the lower left,"" ""diffuse overcast,"" ""wet pavement reflecting light""); note absence of distinct shadows when apparent. Report facial expressions or visible affect only when clearly evident using observable detail (open‑mouthed, smiling with teeth visible, furrowed brow). Keep the caption concise, factual and single‑sentence. Output exactly one single sentence.","A woman with white hair, wearing glasses and a white shirt, stands in profile facing left, holding a red ""American Girl Place"" bag in her right hand while her left hand rests on a white tablecloth-covered surface, with an American flag partially visible behind her and a person seated in the background to her right.",0,1,Qwen/Qwen3-VL-8B-Instruct,0.0,,64,"{""temperature"": 0.0, ""top_p"": null, ""max_new_tokens"": 64}"
flickr30k_main_seed1_train,behavior_analysis,behavior_analysis__behavior_312086edf8,81,24351,flickr30k_test_024351,images/flickr30k/flickr30k_test_024351.jpg,"[""The dinosaur exhibt is next to a tree that has a balloon stuck in its branches."", ""A black dog looks up at a ball in the air and prepares to catch it."", ""A black dog waits on the grass for a falling yellow ball."", ""A dog is looking up at a ball attached to the string."", ""The animal is near the pond.""]",behavior_312086edf8,BehaviorAnalysis Step 18,"Produce exactly one concise natural‑language caption (a single sentence) that vividly and precisely describes the main subject(s), visible actions, interactions, and the setting; remain concrete, image‑centered and avoid speculation or subjective judgments. For every visible person or object state whether it is stationary or moving; when describing motion give horizontal direction first then vertical relative to the image frame (for example, ""from left to right,"" ""toward the camera while descending""), name any visible phase of motion (starting/ascending/peaking/descending/landing), and indicate whether motions are simultaneous or sequential. For each moving subject describe trajectory both relative to the main subject (passing to her right, approaching from behind, moving alongside) and relative to the camera (toward/away from the camera, to the left/right edge of the frame). For every visible person specify head orientation and precise gaze direction using clear phrases (for example, ""looking directly at the camera,"" ""eyes down at the phone,"" ""gaze directed up and to the left,"" ""looking toward the car""); do this for all people in the scene. When people interact, report only observable interaction cues and roles—describe who is addressing or reacting to whom using visible evidence (open mouth facing another as an indicator of speaking; turned body, raised hand or pointing as gestures; facing and still with closed mouth as listening or observing) rather than inference. For interactions with objects or structures state exactly how a subject is using them (holding, gripping, resting, pulling, supporting, leaning on), which hand and side (left/right), and whether the hand is in contact, gripping, merely near, or in motion versus resting. Describe body posture with concrete camera‑relative terms (standing, weight shifted onto left/right leg, slightly leaning forward/back, seated, reclining, crouching, mid‑jump, arms outstretched, knees bent) and specify orientation to the camera (facing the camera, in profile, back to the camera). Clarify precise spatial relationships, counts, arrangement, proximity and scale using camera‑relative language and clear phrases (foreground/midground/background; left/middle/right of frame; across the foreground of; directly in front of/behind; a few feet/meters apart; clustered closely; in a line or scattered). Describe lighting, shadows and visible surface textures with observable cues and an approximate shadow direction or length (for example, ""bright direct sunlight casting long shadows toward the lower left,"" ""diffuse overcast,"" ""wet pavement reflecting light""); note absence of distinct shadows when apparent. Report facial expressions or visible affect only when clearly evident using observable detail (open‑mouthed, smiling with teeth visible, furrowed brow). Keep the caption concise, factual and single‑sentence. Output exactly one single sentence.","A dark, wet dog in mid-leap, front paws off the ground and head tilted upward, reaches toward a green tennis ball suspended in the air above it, with a backdrop of green trees, tall grasses, and a partly cloudy sky.",0,1,Qwen/Qwen3-VL-8B-Instruct,0.0,,64,"{""temperature"": 0.0, ""top_p"": null, ""max_new_tokens"": 64}"
flickr30k_main_seed1_train,behavior_analysis,behavior_analysis__behavior_312086edf8,87,30685,flickr30k_test_030685,images/flickr30k/flickr30k_test_030685.jpg,"[""A man who looks like Andy Dick is talking to a man in a hall with a man with a splotch of primary-color red on his hair."", ""A guy with a golden hair is chatting with a guy with a red-hair on top of his head."", ""Two male college students at a social networking event."", ""Two boys in dark clothing talk to each other."", ""Two men are talking in a hallway.""]",behavior_312086edf8,BehaviorAnalysis Step 18,"Produce exactly one concise natural‑language caption (a single sentence) that vividly and precisely describes the main subject(s), visible actions, interactions, and the setting; remain concrete, image‑centered and avoid speculation or subjective judgments. For every visible person or object state whether it is stationary or moving; when describing motion give horizontal direction first then vertical relative to the image frame (for example, ""from left to right,"" ""toward the camera while descending""), name any visible phase of motion (starting/ascending/peaking/descending/landing), and indicate whether motions are simultaneous or sequential. For each moving subject describe trajectory both relative to the main subject (passing to her right, approaching from behind, moving alongside) and relative to the camera (toward/away from the camera, to the left/right edge of the frame). For every visible person specify head orientation and precise gaze direction using clear phrases (for example, ""looking directly at the camera,"" ""eyes down at the phone,"" ""gaze directed up and to the left,"" ""looking toward the car""); do this for all people in the scene. When people interact, report only observable interaction cues and roles—describe who is addressing or reacting to whom using visible evidence (open mouth facing another as an indicator of speaking; turned body, raised hand or pointing as gestures; facing and still with closed mouth as listening or observing) rather than inference. For interactions with objects or structures state exactly how a subject is using them (holding, gripping, resting, pulling, supporting, leaning on), which hand and side (left/right), and whether the hand is in contact, gripping, merely near, or in motion versus resting. Describe body posture with concrete camera‑relative terms (standing, weight shifted onto left/right leg, slightly leaning forward/back, seated, reclining, crouching, mid‑jump, arms outstretched, knees bent) and specify orientation to the camera (facing the camera, in profile, back to the camera). Clarify precise spatial relationships, counts, arrangement, proximity and scale using camera‑relative language and clear phrases (foreground/midground/background; left/middle/right of frame; across the foreground of; directly in front of/behind; a few feet/meters apart; clustered closely; in a line or scattered). Describe lighting, shadows and visible surface textures with observable cues and an approximate shadow direction or length (for example, ""bright direct sunlight casting long shadows toward the lower left,"" ""diffuse overcast,"" ""wet pavement reflecting light""); note absence of distinct shadows when apparent. Report facial expressions or visible affect only when clearly evident using observable detail (open‑mouthed, smiling with teeth visible, furrowed brow). Keep the caption concise, factual and single‑sentence. Output exactly one single sentence.","In the midground of a brightly lit hallway with wooden floors and white walls adorned with posters, a man in a black shirt and glasses stands facing right, gesturing with his right hand while speaking to another man in a black hoodie who holds a red cup in his left hand and looks toward the speaker; in the background",0,1,Qwen/Qwen3-VL-8B-Instruct,0.0,,64,"{""temperature"": 0.0, ""top_p"": null, ""max_new_tokens"": 64}"
flickr30k_main_seed1_train,behavior_analysis,behavior_analysis__behavior_312086edf8,92,6220,flickr30k_test_006220,images/flickr30k/flickr30k_test_006220.jpg,"[""A crowded and active city street in Asia, with stores and billboards lining the street."", ""A busy street during the daytime in an asian city."", ""A crowd of people walking on a sidewalk in a city."", ""City in japan with crowded streets of people"", ""This asian city is very busy.""]",behavior_312086edf8,BehaviorAnalysis Step 18,"Produce exactly one concise natural‑language caption (a single sentence) that vividly and precisely describes the main subject(s), visible actions, interactions, and the setting; remain concrete, image‑centered and avoid speculation or subjective judgments. For every visible person or object state whether it is stationary or moving; when describing motion give horizontal direction first then vertical relative to the image frame (for example, ""from left to right,"" ""toward the camera while descending""), name any visible phase of motion (starting/ascending/peaking/descending/landing), and indicate whether motions are simultaneous or sequential. For each moving subject describe trajectory both relative to the main subject (passing to her right, approaching from behind, moving alongside) and relative to the camera (toward/away from the camera, to the left/right edge of the frame). For every visible person specify head orientation and precise gaze direction using clear phrases (for example, ""looking directly at the camera,"" ""eyes down at the phone,"" ""gaze directed up and to the left,"" ""looking toward the car""); do this for all people in the scene. When people interact, report only observable interaction cues and roles—describe who is addressing or reacting to whom using visible evidence (open mouth facing another as an indicator of speaking; turned body, raised hand or pointing as gestures; facing and still with closed mouth as listening or observing) rather than inference. For interactions with objects or structures state exactly how a subject is using them (holding, gripping, resting, pulling, supporting, leaning on), which hand and side (left/right), and whether the hand is in contact, gripping, merely near, or in motion versus resting. Describe body posture with concrete camera‑relative terms (standing, weight shifted onto left/right leg, slightly leaning forward/back, seated, reclining, crouching, mid‑jump, arms outstretched, knees bent) and specify orientation to the camera (facing the camera, in profile, back to the camera). Clarify precise spatial relationships, counts, arrangement, proximity and scale using camera‑relative language and clear phrases (foreground/midground/background; left/middle/right of frame; across the foreground of; directly in front of/behind; a few feet/meters apart; clustered closely; in a line or scattered). Describe lighting, shadows and visible surface textures with observable cues and an approximate shadow direction or length (for example, ""bright direct sunlight casting long shadows toward the lower left,"" ""diffuse overcast,"" ""wet pavement reflecting light""); note absence of distinct shadows when apparent. Report facial expressions or visible affect only when clearly evident using observable detail (open‑mouthed, smiling with teeth visible, furrowed brow). Keep the caption concise, factual and single‑sentence. Output exactly one single sentence.","A dense crowd of pedestrians, mostly standing or moving slowly forward in the midground, fills a narrow, brightly lit urban street lined with towering buildings and glowing signs, with some individuals looking around or at their phones while others are in profile or facing away from the camera, under diffuse daylight with no distinct shadows.",0,1,Qwen/Qwen3-VL-8B-Instruct,0.0,,64,"{""temperature"": 0.0, ""top_p"": null, ""max_new_tokens"": 64}"
flickr30k_main_seed1_train,behavior_analysis,behavior_analysis__behavior_312086edf8,102,19300,flickr30k_test_019300,images/flickr30k/flickr30k_test_019300.jpg,"[""A man dangles from the room of an incompletely built building in the middle of a field."", ""A man laying on the roof attempting to rebuild it."", ""A man hanging off a partially framed roof."", ""Man laying on a partially built house."", ""A man is installing a roof.""]",behavior_312086edf8,BehaviorAnalysis Step 18,"Produce exactly one concise natural‑language caption (a single sentence) that vividly and precisely describes the main subject(s), visible actions, interactions, and the setting; remain concrete, image‑centered and avoid speculation or subjective judgments. For every visible person or object state whether it is stationary or moving; when describing motion give horizontal direction first then vertical relative to the image frame (for example, ""from left to right,"" ""toward the camera while descending""), name any visible phase of motion (starting/ascending/peaking/descending/landing), and indicate whether motions are simultaneous or sequential. For each moving subject describe trajectory both relative to the main subject (passing to her right, approaching from behind, moving alongside) and relative to the camera (toward/away from the camera, to the left/right edge of the frame). For every visible person specify head orientation and precise gaze direction using clear phrases (for example, ""looking directly at the camera,"" ""eyes down at the phone,"" ""gaze directed up and to the left,"" ""looking toward the car""); do this for all people in the scene. When people interact, report only observable interaction cues and roles—describe who is addressing or reacting to whom using visible evidence (open mouth facing another as an indicator of speaking; turned body, raised hand or pointing as gestures; facing and still with closed mouth as listening or observing) rather than inference. For interactions with objects or structures state exactly how a subject is using them (holding, gripping, resting, pulling, supporting, leaning on), which hand and side (left/right), and whether the hand is in contact, gripping, merely near, or in motion versus resting. Describe body posture with concrete camera‑relative terms (standing, weight shifted onto left/right leg, slightly leaning forward/back, seated, reclining, crouching, mid‑jump, arms outstretched, knees bent) and specify orientation to the camera (facing the camera, in profile, back to the camera). Clarify precise spatial relationships, counts, arrangement, proximity and scale using camera‑relative language and clear phrases (foreground/midground/background; left/middle/right of frame; across the foreground of; directly in front of/behind; a few feet/meters apart; clustered closely; in a line or scattered). Describe lighting, shadows and visible surface textures with observable cues and an approximate shadow direction or length (for example, ""bright direct sunlight casting long shadows toward the lower left,"" ""diffuse overcast,"" ""wet pavement reflecting light""); note absence of distinct shadows when apparent. Report facial expressions or visible affect only when clearly evident using observable detail (open‑mouthed, smiling with teeth visible, furrowed brow). Keep the caption concise, factual and single‑sentence. Output exactly one single sentence.","A person in profile, facing away from the camera with their head turned slightly left and gaze directed upward, is ascending a wooden roof frame by gripping the top edge with both hands and stepping upward with their right foot while their left foot is planted on the frame, moving toward the top of the structure under bright direct sunlight casting",0,1,Qwen/Qwen3-VL-8B-Instruct,0.0,,64,"{""temperature"": 0.0, ""top_p"": null, ""max_new_tokens"": 64}"
flickr30k_main_seed1_train,behavior_analysis,behavior_analysis__behavior_312086edf8,105,15736,flickr30k_test_015736,images/flickr30k/flickr30k_test_015736.jpg,"[""A brown and white dog trots across shallow water with his mouth open."", ""A greyhound walks in the rain through a large puddle."", ""A white and brown dog is walking through the water."", ""A brown spotted dog walks in shallow water."", ""The dog walks through the water.""]",behavior_312086edf8,BehaviorAnalysis Step 18,"Produce exactly one concise natural‑language caption (a single sentence) that vividly and precisely describes the main subject(s), visible actions, interactions, and the setting; remain concrete, image‑centered and avoid speculation or subjective judgments. For every visible person or object state whether it is stationary or moving; when describing motion give horizontal direction first then vertical relative to the image frame (for example, ""from left to right,"" ""toward the camera while descending""), name any visible phase of motion (starting/ascending/peaking/descending/landing), and indicate whether motions are simultaneous or sequential. For each moving subject describe trajectory both relative to the main subject (passing to her right, approaching from behind, moving alongside) and relative to the camera (toward/away from the camera, to the left/right edge of the frame). For every visible person specify head orientation and precise gaze direction using clear phrases (for example, ""looking directly at the camera,"" ""eyes down at the phone,"" ""gaze directed up and to the left,"" ""looking toward the car""); do this for all people in the scene. When people interact, report only observable interaction cues and roles—describe who is addressing or reacting to whom using visible evidence (open mouth facing another as an indicator of speaking; turned body, raised hand or pointing as gestures; facing and still with closed mouth as listening or observing) rather than inference. For interactions with objects or structures state exactly how a subject is using them (holding, gripping, resting, pulling, supporting, leaning on), which hand and side (left/right), and whether the hand is in contact, gripping, merely near, or in motion versus resting. Describe body posture with concrete camera‑relative terms (standing, weight shifted onto left/right leg, slightly leaning forward/back, seated, reclining, crouching, mid‑jump, arms outstretched, knees bent) and specify orientation to the camera (facing the camera, in profile, back to the camera). Clarify precise spatial relationships, counts, arrangement, proximity and scale using camera‑relative language and clear phrases (foreground/midground/background; left/middle/right of frame; across the foreground of; directly in front of/behind; a few feet/meters apart; clustered closely; in a line or scattered). Describe lighting, shadows and visible surface textures with observable cues and an approximate shadow direction or length (for example, ""bright direct sunlight casting long shadows toward the lower left,"" ""diffuse overcast,"" ""wet pavement reflecting light""); note absence of distinct shadows when apparent. Report facial expressions or visible affect only when clearly evident using observable detail (open‑mouthed, smiling with teeth visible, furrowed brow). Keep the caption concise, factual and single‑sentence. Output exactly one single sentence.","A white and brown greyhound, wearing a red and black collar, walks from left to right across the midground through shallow, reflective water, its body in profile and head slightly lowered, while its legs move sequentially in a trotting gait with its reflection visible beneath.",0,1,Qwen/Qwen3-VL-8B-Instruct,0.0,,64,"{""temperature"": 0.0, ""top_p"": null, ""max_new_tokens"": 64}"
flickr30k_main_seed1_train,behavior_analysis,behavior_analysis__behavior_312086edf8,109,13247,flickr30k_test_013247,images/flickr30k/flickr30k_test_013247.jpg,"[""Several men walk in front of a building marked 'Bass Pro Shops Outdoor World'."", ""People are walking outside the entrance to Bass Pro Shops Outdoor World."", ""People walking in front of the Outdoor World store."", ""A white-haired man is walking out of a store."", ""People outside of an Outdoor World shop.""]",behavior_312086edf8,BehaviorAnalysis Step 18,"Produce exactly one concise natural‑language caption (a single sentence) that vividly and precisely describes the main subject(s), visible actions, interactions, and the setting; remain concrete, image‑centered and avoid speculation or subjective judgments. For every visible person or object state whether it is stationary or moving; when describing motion give horizontal direction first then vertical relative to the image frame (for example, ""from left to right,"" ""toward the camera while descending""), name any visible phase of motion (starting/ascending/peaking/descending/landing), and indicate whether motions are simultaneous or sequential. For each moving subject describe trajectory both relative to the main subject (passing to her right, approaching from behind, moving alongside) and relative to the camera (toward/away from the camera, to the left/right edge of the frame). For every visible person specify head orientation and precise gaze direction using clear phrases (for example, ""looking directly at the camera,"" ""eyes down at the phone,"" ""gaze directed up and to the left,"" ""looking toward the car""); do this for all people in the scene. When people interact, report only observable interaction cues and roles—describe who is addressing or reacting to whom using visible evidence (open mouth facing another as an indicator of speaking; turned body, raised hand or pointing as gestures; facing and still with closed mouth as listening or observing) rather than inference. For interactions with objects or structures state exactly how a subject is using them (holding, gripping, resting, pulling, supporting, leaning on), which hand and side (left/right), and whether the hand is in contact, gripping, merely near, or in motion versus resting. Describe body posture with concrete camera‑relative terms (standing, weight shifted onto left/right leg, slightly leaning forward/back, seated, reclining, crouching, mid‑jump, arms outstretched, knees bent) and specify orientation to the camera (facing the camera, in profile, back to the camera). Clarify precise spatial relationships, counts, arrangement, proximity and scale using camera‑relative language and clear phrases (foreground/midground/background; left/middle/right of frame; across the foreground of; directly in front of/behind; a few feet/meters apart; clustered closely; in a line or scattered). Describe lighting, shadows and visible surface textures with observable cues and an approximate shadow direction or length (for example, ""bright direct sunlight casting long shadows toward the lower left,"" ""diffuse overcast,"" ""wet pavement reflecting light""); note absence of distinct shadows when apparent. Report facial expressions or visible affect only when clearly evident using observable detail (open‑mouthed, smiling with teeth visible, furrowed brow). Keep the caption concise, factual and single‑sentence. Output exactly one single sentence.","Under an overcast sky with diffuse lighting and no distinct shadows, several people are moving across the foreground pavement in front of the large, rustic “Outdoor World” building, with two individuals walking toward the camera from the left while others walk away to the right, all appearing to be in casual motion without direct interaction, while",0,1,Qwen/Qwen3-VL-8B-Instruct,0.0,,64,"{""temperature"": 0.0, ""top_p"": null, ""max_new_tokens"": 64}"
flickr30k_main_seed1_train,behavior_analysis,behavior_analysis__behavior_312086edf8,123,21750,flickr30k_test_021750,images/flickr30k/flickr30k_test_021750.jpg,"[""Two women who just had lunch hugging and saying goodbye."", ""Two women holding takeout boxes hugging on the street."", ""Two women are embracing while holding to go packages."", ""Two women, holding food carryout containers, hug."", ""Two blond women are hugging one another.""]",behavior_312086edf8,BehaviorAnalysis Step 18,"Produce exactly one concise natural‑language caption (a single sentence) that vividly and precisely describes the main subject(s), visible actions, interactions, and the setting; remain concrete, image‑centered and avoid speculation or subjective judgments. For every visible person or object state whether it is stationary or moving; when describing motion give horizontal direction first then vertical relative to the image frame (for example, ""from left to right,"" ""toward the camera while descending""), name any visible phase of motion (starting/ascending/peaking/descending/landing), and indicate whether motions are simultaneous or sequential. For each moving subject describe trajectory both relative to the main subject (passing to her right, approaching from behind, moving alongside) and relative to the camera (toward/away from the camera, to the left/right edge of the frame). For every visible person specify head orientation and precise gaze direction using clear phrases (for example, ""looking directly at the camera,"" ""eyes down at the phone,"" ""gaze directed up and to the left,"" ""looking toward the car""); do this for all people in the scene. When people interact, report only observable interaction cues and roles—describe who is addressing or reacting to whom using visible evidence (open mouth facing another as an indicator of speaking; turned body, raised hand or pointing as gestures; facing and still with closed mouth as listening or observing) rather than inference. For interactions with objects or structures state exactly how a subject is using them (holding, gripping, resting, pulling, supporting, leaning on), which hand and side (left/right), and whether the hand is in contact, gripping, merely near, or in motion versus resting. Describe body posture with concrete camera‑relative terms (standing, weight shifted onto left/right leg, slightly leaning forward/back, seated, reclining, crouching, mid‑jump, arms outstretched, knees bent) and specify orientation to the camera (facing the camera, in profile, back to the camera). Clarify precise spatial relationships, counts, arrangement, proximity and scale using camera‑relative language and clear phrases (foreground/midground/background; left/middle/right of frame; across the foreground of; directly in front of/behind; a few feet/meters apart; clustered closely; in a line or scattered). Describe lighting, shadows and visible surface textures with observable cues and an approximate shadow direction or length (for example, ""bright direct sunlight casting long shadows toward the lower left,"" ""diffuse overcast,"" ""wet pavement reflecting light""); note absence of distinct shadows when apparent. Report facial expressions or visible affect only when clearly evident using observable detail (open‑mouthed, smiling with teeth visible, furrowed brow). Keep the caption concise, factual and single‑sentence. Output exactly one single sentence.","Two women are embracing in a close, stationary hug in the foreground, both holding takeout containers and bags, with one woman’s head tilted toward the other’s cheek while the other’s head is turned slightly away, their gazes directed downward and to the side, as blurred vehicles and urban structures move past in the background",0,1,Qwen/Qwen3-VL-8B-Instruct,0.0,,64,"{""temperature"": 0.0, ""top_p"": null, ""max_new_tokens"": 64}"
flickr30k_main_seed1_train,behavior_analysis,behavior_analysis__behavior_312086edf8,129,27523,flickr30k_test_027523,images/flickr30k/flickr30k_test_027523.jpg,"[""A man is sitting on a bench in the street carving wooden sculptures."", ""A man in a blue hat and an apron carving wooden figurines."", ""A man in a blue cap whittles figures out of wood."", ""A man creating woodwork outside on a city bench."", ""Whittling wood-carver in a blue hat.""]",behavior_312086edf8,BehaviorAnalysis Step 18,"Produce exactly one concise natural‑language caption (a single sentence) that vividly and precisely describes the main subject(s), visible actions, interactions, and the setting; remain concrete, image‑centered and avoid speculation or subjective judgments. For every visible person or object state whether it is stationary or moving; when describing motion give horizontal direction first then vertical relative to the image frame (for example, ""from left to right,"" ""toward the camera while descending""), name any visible phase of motion (starting/ascending/peaking/descending/landing), and indicate whether motions are simultaneous or sequential. For each moving subject describe trajectory both relative to the main subject (passing to her right, approaching from behind, moving alongside) and relative to the camera (toward/away from the camera, to the left/right edge of the frame). For every visible person specify head orientation and precise gaze direction using clear phrases (for example, ""looking directly at the camera,"" ""eyes down at the phone,"" ""gaze directed up and to the left,"" ""looking toward the car""); do this for all people in the scene. When people interact, report only observable interaction cues and roles—describe who is addressing or reacting to whom using visible evidence (open mouth facing another as an indicator of speaking; turned body, raised hand or pointing as gestures; facing and still with closed mouth as listening or observing) rather than inference. For interactions with objects or structures state exactly how a subject is using them (holding, gripping, resting, pulling, supporting, leaning on), which hand and side (left/right), and whether the hand is in contact, gripping, merely near, or in motion versus resting. Describe body posture with concrete camera‑relative terms (standing, weight shifted onto left/right leg, slightly leaning forward/back, seated, reclining, crouching, mid‑jump, arms outstretched, knees bent) and specify orientation to the camera (facing the camera, in profile, back to the camera). Clarify precise spatial relationships, counts, arrangement, proximity and scale using camera‑relative language and clear phrases (foreground/midground/background; left/middle/right of frame; across the foreground of; directly in front of/behind; a few feet/meters apart; clustered closely; in a line or scattered). Describe lighting, shadows and visible surface textures with observable cues and an approximate shadow direction or length (for example, ""bright direct sunlight casting long shadows toward the lower left,"" ""diffuse overcast,"" ""wet pavement reflecting light""); note absence of distinct shadows when apparent. Report facial expressions or visible affect only when clearly evident using observable detail (open‑mouthed, smiling with teeth visible, furrowed brow). Keep the caption concise, factual and single‑sentence. Output exactly one single sentence.","A man seated on a wooden bench, wearing a blue cap and apron, is carving a small wooden figurine with a chisel in his right hand while holding the wood steady with his left, with other wooden sculptures and a framed picture on the bench beside him, under bright sunlight casting distinct shadows toward the lower left",0,1,Qwen/Qwen3-VL-8B-Instruct,0.0,,64,"{""temperature"": 0.0, ""top_p"": null, ""max_new_tokens"": 64}"
flickr30k_main_seed1_train,behavior_analysis,behavior_analysis__behavior_312086edf8,144,21206,flickr30k_test_021206,images/flickr30k/flickr30k_test_021206.jpg,"[""A man in the suit plays a guitar while sitting on a metal chair."", ""A man in a jacket sitting at a table playing a guitar."", ""A man sits alone at a table, playing guitar."", ""An old man is playing his guitar."", ""A man playing acoustic guitar.""]",behavior_312086edf8,BehaviorAnalysis Step 18,"Produce exactly one concise natural‑language caption (a single sentence) that vividly and precisely describes the main subject(s), visible actions, interactions, and the setting; remain concrete, image‑centered and avoid speculation or subjective judgments. For every visible person or object state whether it is stationary or moving; when describing motion give horizontal direction first then vertical relative to the image frame (for example, ""from left to right,"" ""toward the camera while descending""), name any visible phase of motion (starting/ascending/peaking/descending/landing), and indicate whether motions are simultaneous or sequential. For each moving subject describe trajectory both relative to the main subject (passing to her right, approaching from behind, moving alongside) and relative to the camera (toward/away from the camera, to the left/right edge of the frame). For every visible person specify head orientation and precise gaze direction using clear phrases (for example, ""looking directly at the camera,"" ""eyes down at the phone,"" ""gaze directed up and to the left,"" ""looking toward the car""); do this for all people in the scene. When people interact, report only observable interaction cues and roles—describe who is addressing or reacting to whom using visible evidence (open mouth facing another as an indicator of speaking; turned body, raised hand or pointing as gestures; facing and still with closed mouth as listening or observing) rather than inference. For interactions with objects or structures state exactly how a subject is using them (holding, gripping, resting, pulling, supporting, leaning on), which hand and side (left/right), and whether the hand is in contact, gripping, merely near, or in motion versus resting. Describe body posture with concrete camera‑relative terms (standing, weight shifted onto left/right leg, slightly leaning forward/back, seated, reclining, crouching, mid‑jump, arms outstretched, knees bent) and specify orientation to the camera (facing the camera, in profile, back to the camera). Clarify precise spatial relationships, counts, arrangement, proximity and scale using camera‑relative language and clear phrases (foreground/midground/background; left/middle/right of frame; across the foreground of; directly in front of/behind; a few feet/meters apart; clustered closely; in a line or scattered). Describe lighting, shadows and visible surface textures with observable cues and an approximate shadow direction or length (for example, ""bright direct sunlight casting long shadows toward the lower left,"" ""diffuse overcast,"" ""wet pavement reflecting light""); note absence of distinct shadows when apparent. Report facial expressions or visible affect only when clearly evident using observable detail (open‑mouthed, smiling with teeth visible, furrowed brow). Keep the caption concise, factual and single‑sentence. Output exactly one single sentence.","A man seated in profile on a metal chair in the foreground, his head tilted down and gaze focused on the guitar he holds with his left hand while his right hand strums, is playing an acoustic guitar on a paved waterfront at night, with blurred city lights reflecting on the water behind him and a small table with a",0,1,Qwen/Qwen3-VL-8B-Instruct,0.0,,64,"{""temperature"": 0.0, ""top_p"": null, ""max_new_tokens"": 64}"
flickr30k_main_seed1_train,behavior_analysis,behavior_analysis__behavior_312086edf8,149,403,flickr30k_test_000403,images/flickr30k/flickr30k_test_000403.jpg,"[""A man is standing with his arms folded looking at something while the person behind him is jumping onto one of the two beds in the room."", ""A man wearing a yellow shirt standing in the middle of two beds that a boy is jumping on in the background"", ""A young child jumping on the bed as a man looks the other way."", ""Man standing in the bedroom with little boy jumping into bed."", ""A child leaping from bed to bed behind the back of a man.""]",behavior_312086edf8,BehaviorAnalysis Step 18,"Produce exactly one concise natural‑language caption (a single sentence) that vividly and precisely describes the main subject(s), visible actions, interactions, and the setting; remain concrete, image‑centered and avoid speculation or subjective judgments. For every visible person or object state whether it is stationary or moving; when describing motion give horizontal direction first then vertical relative to the image frame (for example, ""from left to right,"" ""toward the camera while descending""), name any visible phase of motion (starting/ascending/peaking/descending/landing), and indicate whether motions are simultaneous or sequential. For each moving subject describe trajectory both relative to the main subject (passing to her right, approaching from behind, moving alongside) and relative to the camera (toward/away from the camera, to the left/right edge of the frame). For every visible person specify head orientation and precise gaze direction using clear phrases (for example, ""looking directly at the camera,"" ""eyes down at the phone,"" ""gaze directed up and to the left,"" ""looking toward the car""); do this for all people in the scene. When people interact, report only observable interaction cues and roles—describe who is addressing or reacting to whom using visible evidence (open mouth facing another as an indicator of speaking; turned body, raised hand or pointing as gestures; facing and still with closed mouth as listening or observing) rather than inference. For interactions with objects or structures state exactly how a subject is using them (holding, gripping, resting, pulling, supporting, leaning on), which hand and side (left/right), and whether the hand is in contact, gripping, merely near, or in motion versus resting. Describe body posture with concrete camera‑relative terms (standing, weight shifted onto left/right leg, slightly leaning forward/back, seated, reclining, crouching, mid‑jump, arms outstretched, knees bent) and specify orientation to the camera (facing the camera, in profile, back to the camera). Clarify precise spatial relationships, counts, arrangement, proximity and scale using camera‑relative language and clear phrases (foreground/midground/background; left/middle/right of frame; across the foreground of; directly in front of/behind; a few feet/meters apart; clustered closely; in a line or scattered). Describe lighting, shadows and visible surface textures with observable cues and an approximate shadow direction or length (for example, ""bright direct sunlight casting long shadows toward the lower left,"" ""diffuse overcast,"" ""wet pavement reflecting light""); note absence of distinct shadows when apparent. Report facial expressions or visible affect only when clearly evident using observable detail (open‑mouthed, smiling with teeth visible, furrowed brow). Keep the caption concise, factual and single‑sentence. Output exactly one single sentence.","A boy is mid-air, jumping from a bed toward the right side of the frame while barefoot, as a man in an orange shirt stands still in profile facing right, arms crossed and looking toward the boy, in a hotel room with warm lighting and two beds.",0,1,Qwen/Qwen3-VL-8B-Instruct,0.0,,64,"{""temperature"": 0.0, ""top_p"": null, ""max_new_tokens"": 64}"
