cache_key,cache_hit,order,dataset_index,image_id,image_path,reference_captions,prompt_id,prompt_name,prompt_text,caption,clip_score,siglip_score,caption_len,generic_flag,temperature,top_p,max_new_tokens,caption_model,seed,split
91a4c6cdde7dc5d9,False,0,27670,27670,results/sample_images/images/000_27670.jpg,"[""A person places uncooked hamburger patties on a charcoal grill."", ""A person wearing a red shirt is cooking on a grill."", ""A person setting beef patties on a grill."", ""A man adjusts beef patties on a grill."", ""Someone putting food on a grill.""]",baseline,Baseline,Describe the image in one concise sentence.,A person in a red shirt is placing raw burger patties onto a charcoal grill in a grassy backyard.,0.33704349398612976,0.18682098388671875,19,True,0.0,,64,Qwen/Qwen3-VL-8B-Instruct,0,test
51c8fb3d4761aaa7,False,0,27670,27670,results/sample_images/images/000_27670.jpg,"[""A person places uncooked hamburger patties on a charcoal grill."", ""A person wearing a red shirt is cooking on a grill."", ""A person setting beef patties on a grill."", ""A man adjusts beef patties on a grill."", ""Someone putting food on a grill.""]",sem_uncertainty_main_subject,Semantic uncertainty main subject,"Write one specific caption. Start with the main visible subject or scene, include concrete visible details, and use supported scene-level terms only when the image clearly supports them. Avoid ambiguous identities, emotions, or object states.",A person wearing a red shirt and blue jeans places two raw burger patties onto the grates of a black charcoal grill in a grassy outdoor area.,0.35328683257102966,0.2139795571565628,27,True,0.0,,64,Qwen/Qwen3-VL-8B-Instruct,0,test
d49d925d1f48255c,False,0,27670,27670,results/sample_images/images/000_27670.jpg,"[""A person places uncooked hamburger patties on a charcoal grill."", ""A person wearing a red shirt is cooking on a grill."", ""A person setting beef patties on a grill."", ""A man adjusts beef patties on a grill."", ""Someone putting food on a grill.""]",supported_scene_one_sentence,Supported scene one sentence,"Describe the image in one sentence using visible evidence. Mention the main subject, visible action, setting, and any clearly supported scene category such as a meal, market, sport, display, or event.","A person in a red shirt is placing raw burger patties onto a black charcoal grill in a grassy backyard, indicating a casual outdoor meal preparation scene.",0.37888169288635254,0.172386035323143,27,True,0.0,,64,Qwen/Qwen3-VL-8B-Instruct,0,test
fb56255af0cd444f,False,0,27670,27670,results/sample_images/images/000_27670.jpg,"[""A person places uncooked hamburger patties on a charcoal grill."", ""A person wearing a red shirt is cooking on a grill."", ""A person setting beef patties on a grill."", ""A man adjusts beef patties on a grill."", ""Someone putting food on a grill.""]",main_subject_supported_context,Main subject supported context,"Start with the main subject, then describe the visible action and the surrounding context. Use only details that are clearly visible or strongly supported by visible objects, clothing, setting, or activity.","A person wearing a red t-shirt and blue jeans is placing raw hamburger patties onto the grates of a black, round charcoal grill. The person’s hands are visible, positioning the two patties on the grill. The grill is situated on a grassy lawn, and the person is leaning over it. To the",0.36290761828422546,0.20373092591762543,52,True,0.0,,64,Qwen/Qwen3-VL-8B-Instruct,0,test
bdd0b2da6c8d7203,False,0,27670,27670,results/sample_images/images/000_27670.jpg,"[""A person places uncooked hamburger patties on a charcoal grill."", ""A person wearing a red shirt is cooking on a grill."", ""A person setting beef patties on a grill."", ""A man adjusts beef patties on a grill."", ""Someone putting food on a grill.""]",safe_semantic_retrieval,Safe semantic retrieval,"Write a caption useful for matching this image in a retrieval system. Include the main visible subject, action, setting, and distinctive visible objects, while avoiding unsupported guesses.",A person in a red shirt and blue jeans places raw burger patties onto the grill grates of a black charcoal grill in a grassy outdoor setting.,0.3380711078643799,0.20408475399017334,27,True,0.0,,64,Qwen/Qwen3-VL-8B-Instruct,0,test
094ce5edf7152e00,False,0,27670,27670,results/sample_images/images/000_27670.jpg,"[""A person places uncooked hamburger patties on a charcoal grill."", ""A person wearing a red shirt is cooking on a grill."", ""A person setting beef patties on a grill."", ""A man adjusts beef patties on a grill."", ""Someone putting food on a grill.""]",distinctive_subject_object,Distinctive subject-object,"Describe the image by focusing on the most distinctive visible subject or object, then add the action, setting, and one or two concrete details that make the image specific.","The most distinctive object is the black, round charcoal grill, its heavy cast-iron construction and open grate dominating the foreground. A person, wearing a red shirt and blue jeans, is leaning over the grill, carefully placing two raw, round hamburger patties onto the hot grates. The action is mid-motion — their",0.29338303208351135,0.18060524761676788,51,True,0.0,,64,Qwen/Qwen3-VL-8B-Instruct,0,test
b6f7c3303eb39d6b,False,0,27670,27670,results/sample_images/images/000_27670.jpg,"[""A person places uncooked hamburger patties on a charcoal grill."", ""A person wearing a red shirt is cooking on a grill."", ""A person setting beef patties on a grill."", ""A man adjusts beef patties on a grill."", ""Someone putting food on a grill.""]",foreground_or_shared_scene,Foreground or shared scene,"If one foreground subject dominates the image, describe that subject first with its visible action or object. Otherwise, describe the shared scene using the visible objects, actions, and setting that define it. Write one sentence.",A person in a red shirt is placing raw burger patties onto a black charcoal grill in a grassy outdoor setting.,0.3389505445957184,0.18885484337806702,21,True,0.0,,64,Qwen/Qwen3-VL-8B-Instruct,0,test
7d8ca249dfa37959,False,0,27670,27670,results/sample_images/images/000_27670.jpg,"[""A person places uncooked hamburger patties on a charcoal grill."", ""A person wearing a red shirt is cooking on a grill."", ""A person setting beef patties on a grill."", ""A man adjusts beef patties on a grill."", ""Someone putting food on a grill.""]",visible_evidence_caption,Visible evidence caption,"Write one caption grounded in visible evidence: main subject, visible action, important objects, setting, and supported scene meaning. Avoid vague mood words and avoid unsupported identities.","A person wearing a red shirt and blue jeans is placing raw hamburger patties onto the grates of a black charcoal grill in a grassy backyard. The grill lid rests nearby on the grass, and the person’s hands are actively positioning the patties for cooking. The scene depicts a routine outdoor cooking activity.",0.380252480506897,0.19039563834667206,53,True,0.0,,64,Qwen/Qwen3-VL-8B-Instruct,0,test
c1a02748e42f54c7,False,0,27670,27670,results/sample_images/images/000_27670.jpg,"[""A person places uncooked hamburger patties on a charcoal grill."", ""A person wearing a red shirt is cooking on a grill."", ""A person setting beef patties on a grill."", ""A man adjusts beef patties on a grill."", ""Someone putting food on a grill.""]",specific_scene_without_overdetail,Specific scene without overdetail,"Write a specific but compact caption. Mention the main subject or scene, the visible action, and the most important identifying details, but do not list minor background details.",Person placing raw burger patties on a black charcoal grill outdoors.,0.34678956866264343,0.1767767369747162,11,False,0.0,,64,Qwen/Qwen3-VL-8B-Instruct,0,test
d81d7aae7943f38f,False,0,27670,27670,results/sample_images/images/000_27670.jpg,"[""A person places uncooked hamburger patties on a charcoal grill."", ""A person wearing a red shirt is cooking on a grill."", ""A person setting beef patties on a grill."", ""A man adjusts beef patties on a grill."", ""Someone putting food on a grill.""]",object_relation_scene,Object relation scene,"Describe the image in one sentence by naming the main subject, the visible object or person it interacts with, and the scene where the interaction occurs.",A person in a red shirt is placing raw burger patties onto the grill grate of a black charcoal grill in a grassy backyard.,0.35194140672683716,0.1855982095003128,24,True,0.0,,64,Qwen/Qwen3-VL-8B-Instruct,0,test
794d877fe38e0a0a,False,0,27670,27670,results/sample_images/images/000_27670.jpg,"[""A person places uncooked hamburger patties on a charcoal grill."", ""A person wearing a red shirt is cooking on a grill."", ""A person setting beef patties on a grill."", ""A man adjusts beef patties on a grill."", ""Someone putting food on a grill.""]",scene_defining_details,Scene-defining details,"Write a caption that captures the scene-defining details: the main subject, key visible objects, action, setting, and any supported activity or event type.","A person in a red shirt and jeans is carefully placing raw burger patties onto the grates of a black charcoal grill in a grassy backyard, preparing for a casual outdoor barbecue.",0.3699716329574585,0.17788909375667572,32,True,0.0,,64,Qwen/Qwen3-VL-8B-Instruct,0,test
3a83333999f53acb,False,0,27670,27670,results/sample_images/images/000_27670.jpg,"[""A person places uncooked hamburger patties on a charcoal grill."", ""A person wearing a red shirt is cooking on a grill."", ""A person setting beef patties on a grill."", ""A man adjusts beef patties on a grill."", ""Someone putting food on a grill.""]",avoid_generic_with_support,Avoid generic with support,"Avoid generic summaries such as people at an event, people eating, or a person standing. Instead, describe the visible evidence that supports the scene: subjects, objects, actions, clothing, setting, or equipment.","A person wearing a red t-shirt with partial lettering and blue jeans is actively placing two raw, round hamburger patties onto the grates of a black, round charcoal grill. The grill is situated on a grassy lawn, and its lid is resting on the ground nearby. The person’s hands are positioned over the",0.35095658898353577,0.20530760288238525,53,True,0.0,,64,Qwen/Qwen3-VL-8B-Instruct,0,test
61fc53e9ac3c2d55,False,0,27670,27670,results/sample_images/images/000_27670.jpg,"[""A person places uncooked hamburger patties on a charcoal grill."", ""A person wearing a red shirt is cooking on a grill."", ""A person setting beef patties on a grill."", ""A man adjusts beef patties on a grill."", ""Someone putting food on a grill.""]",balanced_visual_semantic,Balanced visual semantic,"Write one balanced caption that combines concrete visible details with a natural scene description. Be specific enough to identify the image, but do not infer hidden intentions, emotions, or exact identities.","A person in a red shirt and blue jeans places two raw burger patties onto the grill grate of a black charcoal grill, set on a grassy lawn with a metal tool resting nearby.",0.34861519932746887,0.1990138739347458,34,True,0.0,,64,Qwen/Qwen3-VL-8B-Instruct,0,test
ba07caab07135800,False,0,27670,27670,results/sample_images/images/000_27670.jpg,"[""A person places uncooked hamburger patties on a charcoal grill."", ""A person wearing a red shirt is cooking on a grill."", ""A person setting beef patties on a grill."", ""A man adjusts beef patties on a grill."", ""Someone putting food on a grill.""]",central_subject_or_scene_anchor,Central subject or scene anchor,"Identify whether the image is centered on a main subject or a broader scene, then write one caption around that visual center. Include visible objects, actions, and setting details that support it.","The image is centered on a main subject: a person grilling burgers. The visual focus is drawn to the individual’s hands placing raw patties onto the hot grill, with the black kettle-style barbecue and its lid nearby on the grass. The setting is an outdoor backyard with green grass and earthy ground, suggesting a",0.3329712152481079,0.1552344411611557,54,True,0.0,,64,Qwen/Qwen3-VL-8B-Instruct,0,test
4f73496c1f7b6e3d,False,0,27670,27670,results/sample_images/images/000_27670.jpg,"[""A person places uncooked hamburger patties on a charcoal grill."", ""A person wearing a red shirt is cooking on a grill."", ""A person setting beef patties on a grill."", ""A man adjusts beef patties on a grill."", ""Someone putting food on a grill.""]",retrieval_compact,Retrieval compact,"Write a compact image-retrieval caption with concrete visible nouns, actions, colors, and setting words. Keep it fluent and avoid long lists or vague mood descriptions.",A person in a red shirt and blue jeans places raw burger patties onto a black charcoal grill in a grassy backyard.,0.3449384570121765,0.19863444566726685,22,True,0.0,,64,Qwen/Qwen3-VL-8B-Instruct,0,test
435a72c9160075e3,False,0,27670,27670,results/sample_images/images/000_27670.jpg,"[""A person places uncooked hamburger patties on a charcoal grill."", ""A person wearing a red shirt is cooking on a grill."", ""A person setting beef patties on a grill."", ""A man adjusts beef patties on a grill."", ""Someone putting food on a grill.""]",supported_activity_caption,Supported activity caption,"If the image shows an activity, describe the visible evidence for that activity, including subjects, objects, body actions, setting, and equipment. If no activity is clear, describe the main visible subject and scene.","The image shows the activity of grilling hamburgers outdoors.

Visible evidence for this activity includes:

- **Subject**: A person, seen from the torso down, wearing a red t-shirt and blue jeans. Their hands are actively placing raw hamburger patties onto the grill.
- **Objects**: Three raw, round hamburger patt",0.3266618251800537,0.20196886360645294,49,True,0.0,,64,Qwen/Qwen3-VL-8B-Instruct,0,test
5faae9433086b051,False,0,27670,27670,results/sample_images/images/000_27670.jpg,"[""A person places uncooked hamburger patties on a charcoal grill."", ""A person wearing a red shirt is cooking on a grill."", ""A person setting beef patties on a grill."", ""A man adjusts beef patties on a grill."", ""Someone putting food on a grill.""]",uncertainty_controlled_detail,Uncertainty controlled detail,"Write one detailed caption using clearly visible subjects, objects, actions, and setting. Use cautious wording for ambiguous objects or scene meanings, and avoid unsupported emotions or identities.","A person wearing a red shirt and blue jeans is placing raw hamburger patties onto the grates of a black, round charcoal grill situated on a grassy lawn. The individual’s hands are visible as they position the patties, and a metal tool, possibly a spatula or tongs, rests against the side of",0.3755878210067749,0.20224153995513916,52,True,0.0,,64,Qwen/Qwen3-VL-8B-Instruct,0,test
e0c9579189ab5b8c,False,0,27670,27670,results/sample_images/images/000_27670.jpg,"[""A person places uncooked hamburger patties on a charcoal grill."", ""A person wearing a red shirt is cooking on a grill."", ""A person setting beef patties on a grill."", ""A man adjusts beef patties on a grill."", ""Someone putting food on a grill.""]",main_action_scene_specific,Main action scene specific,"Describe the main visible action first, then the subject performing it and the scene-specific objects or setting around it. Use one concise sentence.",A person is placing raw burger patties onto a charcoal grill in a grassy backyard.,0.3456416726112366,0.18765559792518616,15,True,0.0,,64,Qwen/Qwen3-VL-8B-Instruct,0,test
7ca4e3e4aff15fd9,False,0,27670,27670,results/sample_images/images/000_27670.jpg,"[""A person places uncooked hamburger patties on a charcoal grill."", ""A person wearing a red shirt is cooking on a grill."", ""A person setting beef patties on a grill."", ""A man adjusts beef patties on a grill."", ""Someone putting food on a grill.""]",caption_like_human_observer,Caption like human observer,"Write one caption as a careful human observer would: state what is visibly happening, name the important subjects and objects, and include only scene meanings that are clearly supported.","A person in a red shirt and blue jeans is carefully placing raw hamburger patties onto the grill grate of a black charcoal grill in a grassy backyard. The grill lid rests nearby on the grass, and the person’s hands are positioned over the patties, suggesting they are in the process of starting a barbecue.",0.3778698742389679,0.19420622289180756,55,True,0.0,,64,Qwen/Qwen3-VL-8B-Instruct,0,test
c94a6289a1ec5069,False,1,12623,12623,results/sample_images/images/001_12623.jpg,"[""The bull is running with a yellow fence behind him."", ""A man in a cowboy hat rides a bull at a rodeo."", ""A bull runs in an arena while people watch."", ""A bull charges out of the gates at a rodeo."", ""Rodeo rider on charging bull.""]",baseline,Baseline,Describe the image in one concise sentence.,"A bull rider clings on as a powerful black bull bucks wildly in a dusty rodeo arena, surrounded by spectators and yellow chutes.",0.3427976071834564,0.1681913584470749,23,False,0.0,,64,Qwen/Qwen3-VL-8B-Instruct,0,test
b2560cad25f50dd6,False,1,12623,12623,results/sample_images/images/001_12623.jpg,"[""The bull is running with a yellow fence behind him."", ""A man in a cowboy hat rides a bull at a rodeo."", ""A bull runs in an arena while people watch."", ""A bull charges out of the gates at a rodeo."", ""Rodeo rider on charging bull.""]",sem_uncertainty_main_subject,Semantic uncertainty main subject,"Write one specific caption. Start with the main visible subject or scene, include concrete visible details, and use supported scene-level terms only when the image clearly supports them. Avoid ambiguous identities, emotions, or object states.","A black bull with large, curved horns leaps forward in a dusty arena, its hooves kicking up dirt as it breaks from a yellow metal gate, with a rider in a cowboy hat and plaid shirt clinging to its back.",0.3322226107120514,0.1867150366306305,40,False,0.0,,64,Qwen/Qwen3-VL-8B-Instruct,0,test
46de3c714439fb35,False,1,12623,12623,results/sample_images/images/001_12623.jpg,"[""The bull is running with a yellow fence behind him."", ""A man in a cowboy hat rides a bull at a rodeo."", ""A bull runs in an arena while people watch."", ""A bull charges out of the gates at a rodeo."", ""Rodeo rider on charging bull.""]",supported_scene_one_sentence,Supported scene one sentence,"Describe the image in one sentence using visible evidence. Mention the main subject, visible action, setting, and any clearly supported scene category such as a meal, market, sport, display, or event.","A bull rider is thrown from a bucking black bull during a rodeo event, kicking up dust in a fenced arena as spectators watch from the stands.",0.31936919689178467,0.15587344765663147,27,False,0.0,,64,Qwen/Qwen3-VL-8B-Instruct,0,test
8497be28cf625276,False,1,12623,12623,results/sample_images/images/001_12623.jpg,"[""The bull is running with a yellow fence behind him."", ""A man in a cowboy hat rides a bull at a rodeo."", ""A bull runs in an arena while people watch."", ""A bull charges out of the gates at a rodeo."", ""Rodeo rider on charging bull.""]",main_subject_supported_context,Main subject supported context,"Start with the main subject, then describe the visible action and the surrounding context. Use only details that are clearly visible or strongly supported by visible objects, clothing, setting, or activity.","The main subject is a large, dark-colored bull with prominent, curved horns, captured mid-stride as it charges forward. Its front hooves are lifted off the ground, kicking up a cloud of dust from the sandy arena floor, indicating a powerful, dynamic movement. A rider, wearing a cowboy hat and a pl",0.29583093523979187,0.15371593832969666,51,False,0.0,,64,Qwen/Qwen3-VL-8B-Instruct,0,test
afd3025e0f034554,False,1,12623,12623,results/sample_images/images/001_12623.jpg,"[""The bull is running with a yellow fence behind him."", ""A man in a cowboy hat rides a bull at a rodeo."", ""A bull runs in an arena while people watch."", ""A bull charges out of the gates at a rodeo."", ""Rodeo rider on charging bull.""]",safe_semantic_retrieval,Safe semantic retrieval,"Write a caption useful for matching this image in a retrieval system. Include the main visible subject, action, setting, and distinctive visible objects, while avoiding unsupported guesses.","A bull rider in a cowboy hat and chaps is mounted on a black bull with large horns, charging forward in a dusty rodeo arena enclosed by yellow metal fences, with spectators and other riders visible in the background.",0.3494775891304016,0.16296687722206116,39,False,0.0,,64,Qwen/Qwen3-VL-8B-Instruct,0,test
f34ed277ca91560f,False,1,12623,12623,results/sample_images/images/001_12623.jpg,"[""The bull is running with a yellow fence behind him."", ""A man in a cowboy hat rides a bull at a rodeo."", ""A bull runs in an arena while people watch."", ""A bull charges out of the gates at a rodeo."", ""Rodeo rider on charging bull.""]",distinctive_subject_object,Distinctive subject-object,"Describe the image by focusing on the most distinctive visible subject or object, then add the action, setting, and one or two concrete details that make the image specific.","The most distinctive subject is the powerful, dark bull, its muscular body and large, curved horns dominating the frame as it bursts forward with raw energy. The bull is in mid-stride, its front hooves lifted off the dusty ground, kicking up a cloud of dirt that trails behind it, emphasizing its speed and force",0.2985690236091614,0.1330636441707611,54,False,0.0,,64,Qwen/Qwen3-VL-8B-Instruct,0,test
83a1e372b8d8df53,False,1,12623,12623,results/sample_images/images/001_12623.jpg,"[""The bull is running with a yellow fence behind him."", ""A man in a cowboy hat rides a bull at a rodeo."", ""A bull runs in an arena while people watch."", ""A bull charges out of the gates at a rodeo."", ""Rodeo rider on charging bull.""]",foreground_or_shared_scene,Foreground or shared scene,"If one foreground subject dominates the image, describe that subject first with its visible action or object. Otherwise, describe the shared scene using the visible objects, actions, and setting that define it. Write one sentence.","A black bull with large horns charges forward through a cloud of dust in a rodeo arena, its rider clinging on as spectators watch from behind yellow fences.",0.3261643648147583,0.16616301238536835,28,False,0.0,,64,Qwen/Qwen3-VL-8B-Instruct,0,test
