order,dataset_index,image_id,image_path,reference_captions
0,4402,4402,/home/jinwoo/CLIPHacker/smoke2/results/generalization_100_seed1/samples/images/000_4402.jpg,"[""A lady pushes a stroller, behind a child, riding a tricycle, while another child walks along side."", ""An old man in a green shirt is walking down a paved path with three small children."", ""A man and three kids walk up a paved hill."", ""A Family going for a walk in a park."", ""A family walks through a park.""]"
1,18651,18651,/home/jinwoo/CLIPHacker/smoke2/results/generalization_100_seed1/samples/images/001_18651.jpg,"[""A man in light brown hat, gray coat and a blue vest with a scooter built with baskets full of oranges"", ""A farmer is taking his oranges to the market to sell."", ""A man is standing with vegetables in barrels."", ""An old foreign man selling oranges."", ""Mexican man peddling fresh fruit.""]"
2,27768,27768,/home/jinwoo/CLIPHacker/smoke2/results/generalization_100_seed1/samples/images/002_27768.jpg,"[""The redheaded girl giggles happily as she swings her pillow at her opponent during a recent pillow fight."", ""A lady in a red shirt with red-hair laugh while throwing a pillow over her left shoulder."", ""A woman with red-hair swings a pillow and laughs."", ""A young redheaded woman laughs at something."", ""A redhead girl in a pillow fight.""]"
3,26288,26288,/home/jinwoo/CLIPHacker/smoke2/results/generalization_100_seed1/samples/images/003_26288.jpg,"[""A local man is crouched on the ground next to some fresh fruit that his has just cut open with the knife in his hand."", ""Black male dressed like he maybe homeless hovering over food."", ""A man cutting and skinning a fruit that has green skin."", ""A man is chopping up food on the ground."", ""A man is carving a melon.""]"
4,25027,25027,/home/jinwoo/CLIPHacker/smoke2/results/generalization_100_seed1/samples/images/004_25027.jpg,"[""A woman in turquoise dress and veil, a woman in orange print dress and blue veil, and a woman in yellow dress and violet veil, seated next to one another and viewed from behind."", ""Three women with headscarves and bright clothing take a ride in a rickshaw."", ""Women in Afghanistan who must cover themselves."", ""Three women are riding in a carriage together."", ""Three women are riding in a cart.""]"
5,2067,2067,/home/jinwoo/CLIPHacker/smoke2/results/generalization_100_seed1/samples/images/005_2067.jpg,"[""People sitting at tables outside chatting while a musician gets ready to play bass."", ""A man holds a guitar on a busy street while people look on."", ""A little girl is watching a man play guitar on the street."", ""A girl on a city street is looking at a guitar player."", ""A street guitarist is outside a cafe""]"
6,8358,8358,/home/jinwoo/CLIPHacker/smoke2/results/generalization_100_seed1/samples/images/006_8358.jpg,"[""This guy is in midair while wearing a red soccer uniform."", ""A soccer player in a red shirt in diving into the air."", ""A man wearing a red jersey jumps in the air."", ""A soccer player is diving for the ball."", ""A soccer player diving on the field.""]"
7,3863,3863,/home/jinwoo/CLIPHacker/smoke2/results/generalization_100_seed1/samples/images/007_3863.jpg,"[""A group of six people have jumped into the air in the middle of nowhere and one is catching a ball."", ""A group of people are jumping into the air with their arms held high."", ""Six people are jumping in the air, one of them throwing a ball."", ""A group of people in a desert jumping, one throwing a ball."", ""Six people jump for ball.""]"
8,16234,16234,/home/jinwoo/CLIPHacker/smoke2/results/generalization_100_seed1/samples/images/008_16234.jpg,"[""The young child is yelling into the microphone, while other children watch."", ""A young boy vocalizes in to a microphone held by a blond woman in black."", ""A young child is in front of a microphone as other people are watching."", ""Little kid is taking a bit of something from a puppet."", ""A boy yells into a microphone held by a woman.""]"
9,24935,24935,/home/jinwoo/CLIPHacker/smoke2/results/generalization_100_seed1/samples/images/009_24935.jpg,"[""A group of shoppers gather at a fresh produce stand in order to make their selections."", ""A group of African Americans gather a street vendor."", ""Customers are waiting to get some food."", ""Hungry people are shopping for food."", ""A line is forming for the food cart.""]"
10,14728,14728,/home/jinwoo/CLIPHacker/smoke2/results/generalization_100_seed1/samples/images/010_14728.jpg,"[""Large group of people in a building looking at a large mostly white color ball being rolled."", ""A group of people stand around a large ball while a gentleman takes a picture."", ""Two older men roll out a huge ball as a crowd watches and takes pictures"", ""A man in a group of people is taking a photo."", ""People photographing exhibits in a museum.""]"
11,15474,15474,/home/jinwoo/CLIPHacker/smoke2/results/generalization_100_seed1/samples/images/011_15474.jpg,"[""Three Vietnamese women paddle their boats along the river market in the morning."", ""Three boaters paddle their produce to the market in a Vietnamese fishing village."", ""Villagers paddling their boats to their destination."", ""Canoes travel across the water along side buildings."", ""The people are delivering goods by boat""]"
12,21351,21351,/home/jinwoo/CLIPHacker/smoke2/results/generalization_100_seed1/samples/images/012_21351.jpg,"[""A woman dressed in all black standing in front of colorful picture playing a violin."", ""A woman dressed in black is playing the violin in front of some artwork."", ""A woman in black playing an instrument on the subway platform."", ""A woman on a bright street is playing the violin."", ""A lady performing in a underground train station""]"
13,12439,12439,/home/jinwoo/CLIPHacker/smoke2/results/generalization_100_seed1/samples/images/013_12439.jpg,"[""A large bird spreading his wings in flight over a body of water."", ""A large gray bird begins to land in the water."", ""A gray bird is flying over the water."", ""A blue bird flying over water."", ""A bird flying over the water.""]"
14,25844,25844,/home/jinwoo/CLIPHacker/smoke2/results/generalization_100_seed1/samples/images/014_25844.jpg,"[""The two boys, one in orange the other in teal, wrestle in the sand."", ""Two boys are playing in the sand at a playground."", ""Two young boys are wrestling in a sandpit."", ""Two boys wrestle together in the sand."", ""Two boys tussle in the sand at a park.""]"
15,6879,6879,/home/jinwoo/CLIPHacker/smoke2/results/generalization_100_seed1/samples/images/015_6879.jpg,"[""A little boy in a blue soccer uniform walks, approaching a team member from the opposite team."", ""A boy in blue soccer shirt and shorts stands watching two other children play soccer."", ""A little boy with Adidas shorts and soccer cleats waits patiently."", ""A child is standing on the street and looking at some kid."", ""Little boy dressed in blue wearing cleats.""]"
16,3075,3075,/home/jinwoo/CLIPHacker/smoke2/results/generalization_100_seed1/samples/images/016_3075.jpg,"[""A little boy wearing goggles on top of his head, walks through a deep water puddle with long pants on."", ""A small child in blue raincoat and a small child in a white shirt is waling in the rain water."", ""Small children are wading through shallow waters that are flooding the street."", ""People walking in a big puddle."", ""Children walking in the rain.""]"
17,15986,15986,/home/jinwoo/CLIPHacker/smoke2/results/generalization_100_seed1/samples/images/017_15986.jpg,"[""A black and brown dog is jumping on blocks of concrete in the water."", ""Black dog looking at his reflection in the water."", ""A black dog carefully crosses over some water."", ""Black dog near a dock looks into murky water"", ""The black dog jumps on a cinderblock.""]"
18,928,928,/home/jinwoo/CLIPHacker/smoke2/results/generalization_100_seed1/samples/images/018_928.jpg,"[""A woman with a red jacket and her companion eating snacks."", ""A young man and woman enjoy some ribs in the evening."", ""Two people are eating barbecue ribs at night."", ""A man and a woman about to eat."", ""These two people are eating.""]"
19,29272,29272,/home/jinwoo/CLIPHacker/smoke2/results/generalization_100_seed1/samples/images/019_29272.jpg,"[""A man on stage in the act of jumping, with a little boy in the background really enjoying it."", ""A man with braids, a t-shirt, and sweatpants is dancing in front of a crowd of people."", ""An African American man is jumping in the air, while a boy claps."", ""A man jumps rope while a crowd of people watch him."", ""A black man is jumping and a crowd is gathered""]"
20,27386,27386,/home/jinwoo/CLIPHacker/smoke2/results/generalization_100_seed1/samples/images/020_27386.jpg,"[""A single-file group of people wearing backpacks and other gear are hiking up the side of a green-covered mountain."", ""A group of backpackers treks across a green hill with snowcapped mountains off in the distance."", ""A line of backpackers trekking across a very green, hilly landscape."", ""A group of people are hiking along a grassy area."", ""Hiking in the mountains to have a scenic picnic.""]"
21,12773,12773,/home/jinwoo/CLIPHacker/smoke2/results/generalization_100_seed1/samples/images/021_12773.jpg,"[""A man in blue jeans is sitting on the shoulders of another person as he interacts with a woman performer on stage at a concert."", ""A woman with a microphone on a stage points the microphone at a man who is standing in the audience in front of her"", ""A fan sitting on someone's shoulders is waving to a woman on a stage that says Amnesty International."", ""Woman on stage at Amnesty International event exchanges gestures with man offstage."", ""A woman on stage points to a man holding up his hand""]"
22,14180,14180,/home/jinwoo/CLIPHacker/smoke2/results/generalization_100_seed1/samples/images/022_14180.jpg,"[""A man in a blue shirt walking down the street with another man peddling a food cart down the street."", ""A complex building is in the background with people standing around and some riding bikes."", ""Several people, two men with carts and riding bikes on street"", ""Bicyclists and pedicabs go by a large white modern building."", ""Several people pass by a large, white building.""]"
23,19904,19904,/home/jinwoo/CLIPHacker/smoke2/results/generalization_100_seed1/samples/images/023_19904.jpg,"[""The man in the tan jacket is taking large steps as he walks past the off white building."", ""A well-dressed, shaven-head young man strides through railings past a restaurant."", ""A man wearing a tan jacket walks into Le Mignon in the afternoon."", ""A man walking across a bridge near a steak restaurant."", ""A bald man walking on a bridge.""]"
24,24978,24978,/home/jinwoo/CLIPHacker/smoke2/results/generalization_100_seed1/samples/images/024_24978.jpg,"[""A man in a blue shirt and brown pants is sitting next to a parked blue car."", ""A man in a blue sweater is sitting outside in front of a blue car."", ""A man in a blue shirt is sitting beside a blue van"", ""An elderly man sits in a chair in an alleyway."", ""The man in the blue shirt looks very lonely.""]"
25,25138,25138,/home/jinwoo/CLIPHacker/smoke2/results/generalization_100_seed1/samples/images/025_25138.jpg,"[""A woman in a black stocking hat and black leather jacket, talking to a man with a beard in a black fleece jacket."", ""A girl in a black sock hat is talking to a man wearing a blue shirt."", ""A woman and man talking to each other in front of a scenic lake."", ""People talking to one another outside near a fountain."", ""A woman in a black beanie looks up at a bearded man.""]"
26,69,69,/home/jinwoo/CLIPHacker/smoke2/results/generalization_100_seed1/samples/images/026_69.jpg,"[""A man in a black coat walks past a red spaceship with a parking ticket stuck to its window."", ""A man is standing in front of a small red object that looks like a plane."", ""A man wearing a black jacket is walking towards the street."", ""A man in a black jacket is moving towards a street."", ""Man in black coat examining airplane nose.""]"
27,22801,22801,/home/jinwoo/CLIPHacker/smoke2/results/generalization_100_seed1/samples/images/027_22801.jpg,"[""People are walking down the street with vendors on the side on a beautiful, sunny day."", ""People are gathered at some kind of shop on the side of the street."", ""A boy with a yellow shirt and yellow do-rag walking through a town."", ""Multiple people are walking down a street at a street fair"", ""People walk down a street with shops along the way.""]"
28,14594,14594,/home/jinwoo/CLIPHacker/smoke2/results/generalization_100_seed1/samples/images/028_14594.jpg,"[""A person aquestrian horse jumping over a wooden fence."", ""A horse and rider jumping a small fence."", ""A horse and rider jump over a fence."", ""A horse jumps over a wooden fence."", ""A jockey on a horse jumps a fence.""]"
29,8727,8727,/home/jinwoo/CLIPHacker/smoke2/results/generalization_100_seed1/samples/images/029_8727.jpg,"[""One little toddler wearing blue pajamas and a little girl wearing red pajamas opening presents on christmas day."", ""A baby boy in blue pajamas watches while his blond sister with glasses opens a Christmas present."", ""A little girl wearing her pajamas opening a present while a little boy looks on."", ""A girl is opening a present while a young boy in blue pajamas watches."", ""A young girl and a toddler are tearing wrapping paper off a present.""]"
30,23643,23643,/home/jinwoo/CLIPHacker/smoke2/results/generalization_100_seed1/samples/images/030_23643.jpg,"[""A little girl in a red and white shirt stands next to some caricatures of celebrities at an art fair."", ""A little girl in a red print sundress walked through an outdoor artist display."", ""A little girl wearing red is standing in front of caricature"", ""A girls stands by a caricature artist's drawings."", ""Little girl posing for a caricature.""]"
31,26274,26274,/home/jinwoo/CLIPHacker/smoke2/results/generalization_100_seed1/samples/images/031_26274.jpg,"[""A man in a black hat is rearing up on his brown horse while a crowd of people look on from a distance."", ""A man in a black cowboy hat holds on as his horse rears up."", ""A man on a horse galloping onto its back two feet."", ""Cowboy holding on to the horse"", ""Man riding a bucking bronco!""]"
32,7496,7496,/home/jinwoo/CLIPHacker/smoke2/results/generalization_100_seed1/samples/images/032_7496.jpg,"[""Two men wearing hats play accordions while standing between two burgundy and black pre-World War II automobiles."", ""Two accordion players in period costumes perform between two maroon-colored antique cars."", ""Two old men with hats are standing in between cars with their accordions."", ""Two men between 2 classic cars playing accordions."", ""Two men playing music and displaying old cars.""]"
33,19370,19370,/home/jinwoo/CLIPHacker/smoke2/results/generalization_100_seed1/samples/images/033_19370.jpg,"[""A bicyclist waiting for traffic to pass so he can cross the street."", ""A man in a white polo shirt walks his red bike across a crosswalk."", ""A man with a beard is walking his bike across the street."", ""A man with a bicycle walks by a street crossing."", ""A man is riding a bicycle in the street.""]"
34,30974,30974,/home/jinwoo/CLIPHacker/smoke2/results/generalization_100_seed1/samples/images/034_30974.jpg,"[""Four construction workers, wearing neon vests, stand at a construction site along with some equipment."", ""Construction workers are standing around the back of a dump truck."", ""Men standing around a cement truck on a construction site."", ""Four construction workers standing by a concrete machine."", ""A group of men are gathered around a concrete truck.""]"
35,3349,3349,/home/jinwoo/CLIPHacker/smoke2/results/generalization_100_seed1/samples/images/035_3349.jpg,"[""A small child in a red coat watches the fireplace display through the storefront window of a purse store."", ""A small child in a red coat points to a handbag in a shop window."", ""A child wearing a red coat is pointing into a Loewe store window."", ""A little girl is looking at the window display of a store."", ""A child is window shopping for a brown purse.""]"
36,29537,29537,/home/jinwoo/CLIPHacker/smoke2/results/generalization_100_seed1/samples/images/036_29537.jpg,"[""3 emergency workers are sitting on their vehicle, while the fourth one is standing and looking intently at something."", ""Men at work, Firemen waiting for their next call to a fire, looking relaxed and anxious at the same time."", ""4 fireman on a firetruck looking very tired, brick building behind them, and a hand to the bottom left."", ""There are four men, three sitting and one standing, wearing the same dark blue uniform."", ""Four firefighters are sitting atop a firetruck.""]"
37,10401,10401,/home/jinwoo/CLIPHacker/smoke2/results/generalization_100_seed1/samples/images/037_10401.jpg,"[""A girl in a blue sweater with a white pattern is jumping into a pile of leaves."", ""A young girl is diving into a pile of brown leaves in the yard."", ""A girl in a sweater diving into a pile of leaves."", ""A girl is jumping into a pile of leaves."", ""A girl is jumping into a pile of leaves""]"
38,1002,1002,/home/jinwoo/CLIPHacker/smoke2/results/generalization_100_seed1/samples/images/038_1002.jpg,"[""Someone wearing a large hat is sitting on colorful blankets working a loom with a pair of men's dress shoes in front of him."", ""An adult in brightly colored clothing and hat, is weaving or beading while sitting on brightly colored rugs."", ""A Hispanic person sitting among colorful fabric making a belt."", ""A gentleman in traditional garb weaving a blanket in a field."", ""A man works on weaving a cloth good for sale at the market.""]"
39,731,731,/home/jinwoo/CLIPHacker/smoke2/results/generalization_100_seed1/samples/images/039_731.jpg,"[""Three little blond girls, two in blue, one in pink, play on a sunny beach."", ""Three children are playing in sand near to the beach."", ""Three young girls dance on the beach in the sand."", ""Three children playing in sand at beach"", ""Three girls play in the sand.""]"
40,833,833,/home/jinwoo/CLIPHacker/smoke2/results/generalization_100_seed1/samples/images/040_833.jpg,"[""A beach scene with three boys in swim shorts each holding paddle ball racquets but no ball in sight."", ""Kids play a game of ball with paddles at the water's edge at the beach."", ""Three children are playing paddle ball on the beach."", ""Three boys play with paddles on the beach."", ""Several children playing on a beach.""]"
41,21284,21284,/home/jinwoo/CLIPHacker/smoke2/results/generalization_100_seed1/samples/images/041_21284.jpg,"[""A group of men in black suits and black hats are standing along a parade route."", ""A group of Hasidic Jews stand amidst a crowd adjacent to a busy city street."", ""Bearded men wearing black gather together outside of a religious service."", ""People in black hats gathered together downtown."", ""Many jewish men in a city.""]"
42,17741,17741,/home/jinwoo/CLIPHacker/smoke2/results/generalization_100_seed1/samples/images/042_17741.jpg,"[""Two people sit on a bench overlooking a vast amount of windows."", ""Two people sitting on a bench in front of a large window."", ""Two people sitting looking at a glass wall."", ""Two people are siting on a black bench."", ""Two women sitting on a bench.""]"
43,301,301,/home/jinwoo/CLIPHacker/smoke2/results/generalization_100_seed1/samples/images/043_301.jpg,"[""A dark-haired woman in a green and white apron sits amid her outdoor display of flowers for sale on a city street."", ""A woman is sitting by her dried flower display at an outside market."", ""A woman sells flowers and incense at the market."", ""A lady is sitting down tending to her stand."", ""A woman in an apron shopping at a market.""]"
44,30774,30774,/home/jinwoo/CLIPHacker/smoke2/results/generalization_100_seed1/samples/images/044_30774.jpg,"[""A little boy underwater in a pool, holding a plastic dinosaur."", ""A little boy swimming underwater with a toy in his hand."", ""A boy is swimming underwater holding a toy in his hand."", ""Child swimming underwater with a toy in his hand."", ""A little boy swims underwater.""]"
45,28876,28876,/home/jinwoo/CLIPHacker/smoke2/results/generalization_100_seed1/samples/images/045_28876.jpg,"[""A participant in a sporting event has landed on his head while holding the ball on a field of grass."", ""A person doing a face plant while the other watches on a clear, lush field of green grass."", ""A male athlete tackles his head into the ground to protect the ball in play."", ""The rugby player got the ball but he is smashing his head into the ground."", ""Uniformed athletes dive onto a grassy playing field.""]"
46,12491,12491,/home/jinwoo/CLIPHacker/smoke2/results/generalization_100_seed1/samples/images/046_12491.jpg,"[""A person is in the air while riding his bicycle on top of the train on a clear blue sky day."", ""A person is jumping over a train car while on their bicycle."", ""A person on a bicycle moving across the top of a train."", ""A man on a bmx bike jumps over a train"", ""A man jumps train cars with his bike.""]"
47,22494,22494,/home/jinwoo/CLIPHacker/smoke2/results/generalization_100_seed1/samples/images/047_22494.jpg,"[""A man in an orange shirt and gray pants with white paint on them looks at the camera while standing near an orange ladder and a gray and white brick wall."", ""A house painter in clothes covered in paint pauses to look at the camera."", ""A man in an orange shirt with an orange ladder next to a brick wall."", ""A man in an orange shirt is holding a ladder."", ""A worker grabs a ladder to move it around.""]"
48,7097,7097,/home/jinwoo/CLIPHacker/smoke2/results/generalization_100_seed1/samples/images/048_7097.jpg,"[""A little boy in a tan shirt and shorts walking in an area with many gray mesh tables and chairs."", ""A group of people sitting in gray metal chairs with orange umbrellas in the background."", ""A young boy is on a patio crowded with metal tables and chairs and 2 yellow umbrellas."", ""A boy walking through chairs and tables at Au Bon Pain."", ""Lots of people are sitting at tables doing something.""]"
49,13831,13831,/home/jinwoo/CLIPHacker/smoke2/results/generalization_100_seed1/samples/images/049_13831.jpg,"[""A black and white dog jumps a red and white hurdle on a lawn with other dogs and people."", ""A black and white dog is jumping over a fence in an obstacle course."", ""A black and white dog in midair over a hurdle."", ""A dog jumps over a red and white gate."", ""The dog jumps over an obstacle.""]"
50,23784,23784,/home/jinwoo/CLIPHacker/smoke2/results/generalization_100_seed1/samples/images/050_23784.jpg,"[""A very aged woman wearing blue is standing in front of a pile of things, many in black trash bags."", ""Smiling woman in a blue apron standing in front of a pile of bags and boxes."", ""An elderly hispanic woman wears a blue vest in front of a pile of boxes."", ""A woman wearing a blue vest seems to be in a very messy area."", ""A woman in a blue smock in a blue smock is smiling.""]"
51,951,951,/home/jinwoo/CLIPHacker/smoke2/results/generalization_100_seed1/samples/images/051_951.jpg,"[""A person wearing a hat and carrying a knapsack walks uphill on a sand dune under a dark, cloudy sky and leaves the only visible footprints behind."", ""A man with a shoulder bag walking in the desert on sand with footprints behind him and the horizon with many stormy clouds."", ""A man walking in the desert wearing a hat, khaki shirt and shorts and very dark sky ahead of him."", ""One man is walking across a desert right into an approaching storm."", ""A man wandering in the desert as the clouds roll in.""]"
52,17289,17289,/home/jinwoo/CLIPHacker/smoke2/results/generalization_100_seed1/samples/images/052_17289.jpg,"[""A man wearing a blue sweatshirt and dark baseball cap is sweeping the floor with others watching."", ""One man is using a mop, while two other men watch from the background."", ""A tall looking man wearing a hat is mopping the floor."", ""Guys cleaning the floor with sweeper."", ""A guy in a sweater cleans the floor.""]"
53,7264,7264,/home/jinwoo/CLIPHacker/smoke2/results/generalization_100_seed1/samples/images/053_7264.jpg,"[""Two ladies and a teenage girl all dressed in summer attire are bending down and laughing, showing a small puppy to a little girl."", ""The little girl in a flower dress is talking to the ladies on the street."", ""A woman teaching a young girl not to be afraid of puppies."", ""Three women and a little girl play with a small puppy."", ""A woman bends down and pets a young girl's dog.""]"
54,25024,25024,/home/jinwoo/CLIPHacker/smoke2/results/generalization_100_seed1/samples/images/054_25024.jpg,"[""Eleven children sit next to each other on a stoop in front of a blue grating while holding objects in front of their eyes."", ""Smiling children are sitting on concrete slab displaying a small item in their hands."", ""Several young children are sitting outside laughing and looking through objects."", ""Eleven children sitting together, holding something up, and laughing."", ""A group of children sitting together eating donuts.""]"
55,14348,14348,/home/jinwoo/CLIPHacker/smoke2/results/generalization_100_seed1/samples/images/055_14348.jpg,"[""A baseball player in a red shirt and white pants is swinging the bat towards a yellow ball whilst three people look on."", ""A baseball player recoils from an action involving a bat while opposing team members look on."", ""A woman swings at a softball on a playing field while other players look on."", ""A girl in a red and white uniform is swinging a bat."", ""A girl swings a bat during a softball game.""]"
56,16246,16246,/home/jinwoo/CLIPHacker/smoke2/results/generalization_100_seed1/samples/images/056_16246.jpg,"[""A child is holding a bunch of balloons in front of their face."", ""A child holding balloons that cover their face."", ""A little boy holds many inflated balloons."", ""Child carrying a bouquet of balloons."", ""A young child carrying many balloons.""]"
57,18116,18116,/home/jinwoo/CLIPHacker/smoke2/results/generalization_100_seed1/samples/images/057_18116.jpg,"[""Overhead shot of a gray-haired man working on a piece of art."", ""A man in a white shirt adds detail to small sculptures."", ""A very old dark-skinned many is picking at bones."", ""An older man carving something out of wood."", ""An old man carves designs into gold.""]"
58,7637,7637,/home/jinwoo/CLIPHacker/smoke2/results/generalization_100_seed1/samples/images/058_7637.jpg,"[""Two men are looking toward the ground while one is wearing gloves and holding a tool."", ""A man with work gloves looking down as another man checks out something on the beach."", ""A historian and his friend digging in the mines to look for more fossils for study."", ""A man in a black shirt is looking down at a man who is bending over."", ""Two men looking to be construction workers work in the sand.""]"
59,11327,11327,/home/jinwoo/CLIPHacker/smoke2/results/generalization_100_seed1/samples/images/059_11327.jpg,"[""An elephant is carrying something in its trunk and is covered by some bright-colored fabric."", ""An elephant draped in red, blue and gold fabric walking on a stone path."", ""An elephant wearing a red and blue scarf walks along the brick road."", ""An elephant wearing a colorful drap carrying foliage in his trunk."", ""An elephant wearing red and blue fabric holds grass in his trunk.""]"
60,7565,7565,/home/jinwoo/CLIPHacker/smoke2/results/generalization_100_seed1/samples/images/060_7565.jpg,"[""An infant is crawling on a wood floor, with a water bottle laying nearby."", ""A young baby crawls across the wood floor towards the water bottle."", ""A baby crawls on hardwood floors towards a water bottle."", ""A baby crawls on a wood floor near a bottle of water."", ""A baby on a wood floor with a water bottle""]"
61,22178,22178,/home/jinwoo/CLIPHacker/smoke2/results/generalization_100_seed1/samples/images/061_22178.jpg,"[""A man with gray hair is sitting on a stool reading a newspaper in a market type setting."", ""An elderly outdoor market vegetable vendor sits with his wares and reads a newspaper."", ""A man in a white shirt reads while waiting to sell fruit."", ""A man in reads the newspaper and sells his produce."", ""A man reads his newspaper while selling fruit.""]"
62,7169,7169,/home/jinwoo/CLIPHacker/smoke2/results/generalization_100_seed1/samples/images/062_7169.jpg,"[""A young man with blond dreadlocks sits on a wall reading a newspaper as a woman and a young girl pass by."", ""A mother and daughter walking on the street, passing a man reading a newspaper."", ""A man with dreadlocks reads a newspaper outdoors."", ""Three people walk outside carrying bags."", ""A woman and child walk with their bags.""]"
63,24934,24934,/home/jinwoo/CLIPHacker/smoke2/results/generalization_100_seed1/samples/images/063_24934.jpg,"[""A man wearing a striped jacket tentatively looking down onto his hands while walking."", ""A man walks along a cobblestone path, next to a large blue wall."", ""A man walking down a brick path next to a blue wall."", ""A lone man walking along side a blue wall."", ""Solitary man walks past blue wall.""]"
64,15060,15060,/home/jinwoo/CLIPHacker/smoke2/results/generalization_100_seed1/samples/images/064_15060.jpg,"[""A man in black with a helmet is water rafting in a green canoe."", ""A kayaker in a green boat paddles through the rapids."", ""One man in a green kayak paddling through the water."", ""This man is kayaking in whitewater."", ""A kayaker gets wet in the rapids.""]"
65,9495,9495,/home/jinwoo/CLIPHacker/smoke2/results/generalization_100_seed1/samples/images/065_9495.jpg,"[""A woman with a yellow \""Miller\"" bag has her hand on a seated man, while another woman with the same type yellow \""Miller\"" bag is standing close to them."", ""A man and two women talk while looking at his reflection in the mirror."", ""A woman with a yellow shoulder bag gives a man a massage."", ""Two girls with yellow bags hanging out at a bar."", ""A bar with 2 girls and a man sitting on a table""]"
66,30359,30359,/home/jinwoo/CLIPHacker/smoke2/results/generalization_100_seed1/samples/images/066_30359.jpg,"[""A soccer game with 5 guys in the picture but three of them are about to commence in a three way kick."", ""A group of soccer teammates are fighting over the soccer ball while in a stadium full of supporters."", ""Five young men, three in yellow, one in red and one in white are playing soccer."", ""A soccer player is attempting to score a goal."", ""Guys are play soccer on the field.""]"
67,704,704,/home/jinwoo/CLIPHacker/smoke2/results/generalization_100_seed1/samples/images/067_704.jpg,"[""Two men, one looking at a screen with a drum next to him, while the other is a man dressed in a white shirt is talking into a microphone."", ""A man in a white shirt sings into a microphone as he reads the words on a screen, while a balding man plays the drums."", ""Two guys looking at the screen of a tv while one sings, (presumably ) and the other plays a set of big wooden drums."", ""One man is playing the drums while another is singing Karaoke."", ""Two men in a club playing bongos and singing karaoke.""]"
68,13637,13637,/home/jinwoo/CLIPHacker/smoke2/results/generalization_100_seed1/samples/images/068_13637.jpg,"[""Person with a blue and black suit is surfing."", ""A surfer is being splashed by an ocean wave."", ""A man in a blue wetsuit surfs."", ""A surfer in blue rides a wave."", ""A surfer makes a big splash.""]"
69,27445,27445,/home/jinwoo/CLIPHacker/smoke2/results/generalization_100_seed1/samples/images/069_27445.jpg,"[""Two workers are wearing orange shirts and orange hard hats one of them feeds a tree into a wood-chipper machine while the other fumbles with his headgear."", ""Two construction workers, one of which is putting a tree into a big machine."", ""Two workers are feeding cut branches into a mulching machine."", ""Walking and talking and turning trees to mulch."", ""Two workers cutting down trees.""]"
70,30024,30024,/home/jinwoo/CLIPHacker/smoke2/results/generalization_100_seed1/samples/images/070_30024.jpg,"[""Several men are sitting around a dinner table having separate conversations."", ""A group of men are sitting at a table talking."", ""A man with gray hair is sitting at a table."", ""Four men are at a dining table."", ""Four men sitting at a table.""]"
71,18233,18233,/home/jinwoo/CLIPHacker/smoke2/results/generalization_100_seed1/samples/images/071_18233.jpg,"[""Here is a picture of Asian dancers performing a new dance in front of their class and teacher."", ""Young girl balances on a reclined man's legs as part of a performance in front of an audience"", ""A man in black lies on his back while a little girl stands on his feet."", ""Circus actors play with a child while other children watch."", ""Children watch while an acrobatic team performs stunts.""]"
72,30218,30218,/home/jinwoo/CLIPHacker/smoke2/results/generalization_100_seed1/samples/images/072_30218.jpg,"[""An older, bearded man play a small metal whistle while holding an oboe in his arm on a city street in font of a store window."", ""A bearded man, dressed in jeans and a jacket, is preparing to play a flute instrument on the sidewalk."", ""A man in a gray sweater and blue jeans, playing a flute along a street."", ""An old bearded man plays a hand flute on the side of a sidewalk."", ""An old man playing a musical instrument at a city sidewalk.""]"
73,21046,21046,/home/jinwoo/CLIPHacker/smoke2/results/generalization_100_seed1/samples/images/073_21046.jpg,"[""A man and a woman are seated, holding reading materials, while he looks into the camera and she looks down into her partly rolled-up magazine."", ""A young man and woman sit beside each other on the subway train."", ""A man and a woman are reading while riding the subway."", ""A man and woman riding on a subway car."", ""Several people sit on the subway.""]"
74,3276,3276,/home/jinwoo/CLIPHacker/smoke2/results/generalization_100_seed1/samples/images/074_3276.jpg,"[""A group of nicely dressed people sitting at a long table with several bottles of wine on it."", ""People are sitting at long dining tables in a tent at some formal event."", ""A long dinner table with rows of people talking waiting for their food."", ""Many people sit at a long dinner table at a formal event."", ""Banquet attendees are waiting for the meal to be served.""]"
75,6091,6091,/home/jinwoo/CLIPHacker/smoke2/results/generalization_100_seed1/samples/images/075_6091.jpg,"[""A little girl is sitting on the counter dangling one foot in the sink whilst holding a dish jet washer."", ""A young girl wearing red sunglasses sits near a sink and holds the faucet."", ""A little girl wearing sunglasses puts her feet into the kitchen sink."", ""A young, barefoot girl in red sunglasses plays in a sink."", ""A little girl plays with a faucet.""]"
76,20622,20622,/home/jinwoo/CLIPHacker/smoke2/results/generalization_100_seed1/samples/images/076_20622.jpg,"[""A worker with a white hard-hat is at the bottom landing of an exterior fire escape and is struggling to work with the edge of a large yellow sign."", ""A man with a white hard hat with a black logo in the front of the hat holding part of a sign with numbers on it, while standing on a balcony."", ""A man in a white baseball hat takes down a banner hanging from a fire escape."", ""A man taking down a banner from the fire escape of a building."", ""A man putting up a banner from the fire escape.""]"
77,23712,23712,/home/jinwoo/CLIPHacker/smoke2/results/generalization_100_seed1/samples/images/077_23712.jpg,"[""A man in a red shirt plays the violin on stage."", ""A man with long wavy hair, playing the violin."", ""A man eagerly playing the violin on stage."", ""A man with long wavy hair plays to violin."", ""A man plays the violin on stage.""]"
78,28178,28178,/home/jinwoo/CLIPHacker/smoke2/results/generalization_100_seed1/samples/images/078_28178.jpg,"[""A man in a black sweater with a red undershirt playing a trumpet in front of a lighted Christmas tree."", ""The man playing a trumpet in front of a christmas tree looks intense."", ""A man in a black sweater and red shirt plays the trumpet by a tree."", ""A guy with a beard wearing his glasses is blowing on a trumpet."", ""A musician playing some smooth music.""]"
79,9712,9712,/home/jinwoo/CLIPHacker/smoke2/results/generalization_100_seed1/samples/images/079_9712.jpg,"[""A man is doing tricks with a bicycle at a skate park."", ""Man on bicycle is doing tricks in an old building."", ""A young man does tricks with his bike on a course."", ""A BMX biker performing a wall-ride on a ramp."", ""A bmx rider rides the ramp.""]"
80,3961,3961,/home/jinwoo/CLIPHacker/smoke2/results/generalization_100_seed1/samples/images/080_3961.jpg,"[""A woman, viewed through a window, sits at a restaurant table and puts down a red shopping bag."", ""A woman is sitting at a table and looking into her American Girl Place shopping bag."", ""A woman places her red shopping bag down as she sits down to a table."", ""An older woman in a white shirt holds a red bag behind some glass."", ""Woman seen through window at restaurant.""]"
81,24351,24351,/home/jinwoo/CLIPHacker/smoke2/results/generalization_100_seed1/samples/images/081_24351.jpg,"[""The dinosaur exhibt is next to a tree that has a balloon stuck in its branches."", ""A black dog looks up at a ball in the air and prepares to catch it."", ""A black dog waits on the grass for a falling yellow ball."", ""A dog is looking up at a ball attached to the string."", ""The animal is near the pond.""]"
82,10901,10901,/home/jinwoo/CLIPHacker/smoke2/results/generalization_100_seed1/samples/images/082_10901.jpg,"[""Two children, warmly dressed, are playing in the snow."", ""Two kids playing in the snow in a rural area."", ""Two young children play in the snow."", ""Two young children enjoy the snow."", ""Two children playing in the snow.""]"
83,29346,29346,/home/jinwoo/CLIPHacker/smoke2/results/generalization_100_seed1/samples/images/083_29346.jpg,"[""A surfer wearing a black and red wetsuit on a white surfboard, slices through the waves on a bright blue ocean."", ""A male surfboarder in a black wetsuit is riding a huge wave in beautiful blue water."", ""The man is skillfully surfing a violent wave in the blue ocean."", ""Two people are surfing on a large wave in the ocean."", ""Two people are surfing in the ocean.""]"
84,23641,23641,/home/jinwoo/CLIPHacker/smoke2/results/generalization_100_seed1/samples/images/084_23641.jpg,"[""There are several people either sitting on benches or walking through what appears to be a brick road with trees coming up from various circular openings in the road."", ""A group of people rest on a park bench underneath the shade of the canopy of trees as a man in a brightly colored pink stripe shirt walks past."", ""A park with trees, people sitting on benches, and people walking."", ""People are walking under trees while other are sitting down."", ""People walking through a watery path.""]"
85,23304,23304,/home/jinwoo/CLIPHacker/smoke2/results/generalization_100_seed1/samples/images/085_23304.jpg,"[""A young woman in a pink top holds several shopping bags while walking down a boulevard."", ""A woman in a pink and black short skirted outfit walking with shopping bags."", ""A lady dressed in pink and black walking down a sidewalk carrying packages."", ""A young woman is walking with shopping bags in Hollywood."", ""A well dressed woman is shopping in front of a store.""]"
86,16410,16410,/home/jinwoo/CLIPHacker/smoke2/results/generalization_100_seed1/samples/images/086_16410.jpg,"[""A shirtless man wearing a backwards hat and blue jeans balances on his front bike tire with the back one in the air."", ""A shirtless boy wearing baggy jeans and a backwards hat is doing a trick on a BMX bike."", ""A shirtless guy on a BMX bike is in the process of jumping a hill on his BMX bike."", ""A shirtless man is riding his bicycle, which is on its front wheel."", ""A male is riding a bicycle in uneven terrain.""]"
87,30685,30685,/home/jinwoo/CLIPHacker/smoke2/results/generalization_100_seed1/samples/images/087_30685.jpg,"[""A man who looks like Andy Dick is talking to a man in a hall with a man with a splotch of primary-color red on his hair."", ""A guy with a golden hair is chatting with a guy with a red-hair on top of his head."", ""Two male college students at a social networking event."", ""Two boys in dark clothing talk to each other."", ""Two men are talking in a hallway.""]"
88,16636,16636,/home/jinwoo/CLIPHacker/smoke2/results/generalization_100_seed1/samples/images/088_16636.jpg,"[""A young girl in a blue skirt, walking down a stony path."", ""Little girl in blue skirt standing by big gray rock."", ""A little girl with blue dress comes home from school"", ""A small girl is going to the school."", ""A young child standing by rocks.""]"
89,27198,27198,/home/jinwoo/CLIPHacker/smoke2/results/generalization_100_seed1/samples/images/089_27198.jpg,"[""Three teenagers, two without shoes having a water gun fight with various types of guns trying to spray each other."", ""Three teenage boys blast each other with water guns in an open field."", ""Two boys getting shot by a water gun by another boy in a yard."", ""Three male teenagers are playing in a field with water guns."", ""Three boys in the middle of a squirt gun battle.""]"
90,29824,29824,/home/jinwoo/CLIPHacker/smoke2/results/generalization_100_seed1/samples/images/090_29824.jpg,"[""A woman stands behind a display table advertising the London 2012 Olympics in front of a sign reading, \""Bienvenus Welcome.\"""", ""A female worker is standing behind a table that says London 2012 above the Olympic rings."", ""A young woman is standing behind an information stall at the 2012 London Olympic Games."", ""Woman posing in her booth during the London 2012 olympics"", ""The olympic official is smiling for the camera""]"
91,21964,21964,/home/jinwoo/CLIPHacker/smoke2/results/generalization_100_seed1/samples/images/091_21964.jpg,"[""A man and a woman seated at a table, having drinks and deep in conversation."", ""A couple talking together having drinks in a quiet booth."", ""A man and a woman are sitting at a table with drinks."", ""Two people are sitting and enjoying some beverages."", ""Couple having cocktails at a club.""]"
92,6220,6220,/home/jinwoo/CLIPHacker/smoke2/results/generalization_100_seed1/samples/images/092_6220.jpg,"[""A crowded and active city street in Asia, with stores and billboards lining the street."", ""A busy street during the daytime in an asian city."", ""A crowd of people walking on a sidewalk in a city."", ""City in japan with crowded streets of people"", ""This asian city is very busy.""]"
93,9940,9940,/home/jinwoo/CLIPHacker/smoke2/results/generalization_100_seed1/samples/images/093_9940.jpg,"[""People walk on a wet sidewalk that has red bricks inlaid in it."", ""A crowd walks on a sidewalk shortly after it has rained."", ""A group of people walking after a spring shower."", ""Tourists enjoying the local shops."", ""People walking along a sidewalk.""]"
94,9311,9311,/home/jinwoo/CLIPHacker/smoke2/results/generalization_100_seed1/samples/images/094_9311.jpg,"[""A toddler plays in a water fountain with his mouth open and ready for a drink."", ""A baby sticking out his tonge while looking at a spraying water fountain."", ""A baby trying to catch water from a fountain in his mouth"", ""A small boy is playing at a water fountain"", ""A baby reaching into a water fountain.""]"
95,19253,19253,/home/jinwoo/CLIPHacker/smoke2/results/generalization_100_seed1/samples/images/095_19253.jpg,"[""A curly-haired brunette wearing a black and purple reversible jacket and a long scarf is standing outside in the sunlight."", ""A woman with dark curly hair wearing a green and yellow scarf and a dark jacket."", ""A woman with curly hair and a green and yellow scarf looks down."", ""A woman is standing and wearing a green and yellow scarf."", ""A young woman bundled up in her winter gear.""]"
96,28917,28917,/home/jinwoo/CLIPHacker/smoke2/results/generalization_100_seed1/samples/images/096_28917.jpg,"[""Two basketball players one in black and red and one in blue and white playing a game with the ref and crowd in the background."", ""A basketball player wearing white dribbles the ball, while being guarded by another player in a black uniform."", ""Two male basketball players are playing a competitive game while the referee is standing behind watching."", ""Two men playing in a basketball game against each other."", ""A small image used to signify a broken web image link""]"
97,16363,16363,/home/jinwoo/CLIPHacker/smoke2/results/generalization_100_seed1/samples/images/097_16363.jpg,"[""Overhead view of a living room with a man on one couch, sleeping, and a dog on another while a coffee table sits in the middle of the room."", ""A man wearing a white shirt and black pants laying on a couch."", ""A dog rests on a loveseat, while a man lies on a nearby sofa."", ""A man sleeping on a couch in front of a glass table."", ""A man and dog sit on couches.""]"
98,27728,27728,/home/jinwoo/CLIPHacker/smoke2/results/generalization_100_seed1/samples/images/098_27728.jpg,"[""A person wearing deep sea scuba diving gear standing in front of a body of water that is surrounded by hills."", ""There is a guy in a scuba outfit and he is in front of water and mountains."", ""A man on a boat is wearing a diving outfit and looking at the camera."", ""A person in SCUBA gear poses in front of a vast expanse of water."", ""Someone dressed in scuba gear has a body of water behind him.""]"
99,30831,30831,/home/jinwoo/CLIPHacker/smoke2/results/generalization_100_seed1/samples/images/099_30831.jpg,"[""A woman holds her mouth wide open as she is placing a stack of crackers in."", ""A black-haired woman wearing glasses attempts to eat a pile of cookies."", ""A young person about to put several cookies in his or her mouth."", ""A woman with glasses about to take a bite out of a huge cookie."", ""Asian man eating a cracker sandwich in the kitchen.""]"
