split_id,order,dataset,source_split,dataset_index,image_id,image_relpath,reference_captions
flickr30k_main_seed1_train,114,flickr30k,test,17983,flickr30k_test_017983,images/flickr30k/flickr30k_test_017983.jpg,"[""A man and woman perform a martial arts demonstration with practice katanas in front of an audience in an outside park like environment."", ""A man in a black costume wielding a wooden stick attacks a woman in yellow garb outdoors, under green trees, for a crowd."", ""A young lady and man dressed in warriors costume wielding sticks with a group of people in the background."", ""A man in a black costume and a woman in an orange costume are dueling in front of a crowd of spectators."", ""Battling between the sexes, who will win.""]"
flickr30k_main_seed1_train,62,flickr30k,test,7169,flickr30k_test_007169,images/flickr30k/flickr30k_test_007169.jpg,"[""A young man with blond dreadlocks sits on a wall reading a newspaper as a woman and a young girl pass by."", ""A mother and daughter walking on the street, passing a man reading a newspaper."", ""A man with dreadlocks reads a newspaper outdoors."", ""Three people walk outside carrying bags."", ""A woman and child walk with their bags.""]"
flickr30k_main_seed1_train,33,flickr30k,test,19370,flickr30k_test_019370,images/flickr30k/flickr30k_test_019370.jpg,"[""A bicyclist waiting for traffic to pass so he can cross the street."", ""A man in a white polo shirt walks his red bike across a crosswalk."", ""A man with a beard is walking his bike across the street."", ""A man with a bicycle walks by a street crossing."", ""A man is riding a bicycle in the street.""]"
flickr30k_main_seed1_train,107,flickr30k,test,24370,flickr30k_test_024370,images/flickr30k/flickr30k_test_024370.jpg,"[""An aerial view of a large building with many windows, a terracotta roof, and a few pedestrians crossing a street."", ""People are crossing a tree lined street in front of a building."", ""Many people walking near tall building and crossing street"", ""A distant view of a building and the people around it."", ""A large building in the city in the sunlight.""]"
flickr30k_main_seed1_train,7,flickr30k,test,3863,flickr30k_test_003863,images/flickr30k/flickr30k_test_003863.jpg,"[""A group of six people have jumped into the air in the middle of nowhere and one is catching a ball."", ""A group of people are jumping into the air with their arms held high."", ""Six people are jumping in the air, one of them throwing a ball."", ""A group of people in a desert jumping, one throwing a ball."", ""Six people jump for ball.""]"
flickr30k_main_seed1_train,100,flickr30k,test,16557,flickr30k_test_016557,images/flickr30k/flickr30k_test_016557.jpg,"[""A group of people appear to be shouting or protesting."", ""Two women voice their opinions at a political rally"", ""Two ladies wearing sunglasses at a gathering."", ""A group of people are at a rally."", ""A woman chanting at a rally.""]"
flickr30k_main_seed1_train,40,flickr30k,test,833,flickr30k_test_000833,images/flickr30k/flickr30k_test_000833.jpg,"[""A beach scene with three boys in swim shorts each holding paddle ball racquets but no ball in sight."", ""Kids play a game of ball with paddles at the water's edge at the beach."", ""Three children are playing paddle ball on the beach."", ""Three boys play with paddles on the beach."", ""Several children playing on a beach.""]"
flickr30k_main_seed1_train,86,flickr30k,test,16410,flickr30k_test_016410,images/flickr30k/flickr30k_test_016410.jpg,"[""A shirtless man wearing a backwards hat and blue jeans balances on his front bike tire with the back one in the air."", ""A shirtless boy wearing baggy jeans and a backwards hat is doing a trick on a BMX bike."", ""A shirtless guy on a BMX bike is in the process of jumping a hill on his BMX bike."", ""A shirtless man is riding his bicycle, which is on its front wheel."", ""A male is riding a bicycle in uneven terrain.""]"
flickr30k_main_seed1_train,76,flickr30k,test,20622,flickr30k_test_020622,images/flickr30k/flickr30k_test_020622.jpg,"[""A worker with a white hard-hat is at the bottom landing of an exterior fire escape and is struggling to work with the edge of a large yellow sign."", ""A man with a white hard hat with a black logo in the front of the hat holding part of a sign with numbers on it, while standing on a balcony."", ""A man in a white baseball hat takes down a banner hanging from a fire escape."", ""A man taking down a banner from the fire escape of a building."", ""A man putting up a banner from the fire escape.""]"
flickr30k_main_seed1_train,71,flickr30k,test,18233,flickr30k_test_018233,images/flickr30k/flickr30k_test_018233.jpg,"[""Here is a picture of Asian dancers performing a new dance in front of their class and teacher."", ""Young girl balances on a reclined man's legs as part of a performance in front of an audience"", ""A man in black lies on his back while a little girl stands on his feet."", ""Circus actors play with a child while other children watch."", ""Children watch while an acrobatic team performs stunts.""]"
flickr30k_main_seed1_train,134,flickr30k,test,969,flickr30k_test_000969,images/flickr30k/flickr30k_test_000969.jpg,"[""Young men and women sit at a wooden table on which several partially-drunk beverages have been placed; the picture is interrupted by an outstretched hand, colored green in the odd light of the wood-paneled interior."", ""A green tinted hand is being held up in front of a table of people."", ""Two guys gather around a table with two girls while drinking."", ""People socializing at a table with beverages."", ""A group of friends hanging out in a bar.""]"
flickr30k_main_seed1_train,51,flickr30k,test,951,flickr30k_test_000951,images/flickr30k/flickr30k_test_000951.jpg,"[""A person wearing a hat and carrying a knapsack walks uphill on a sand dune under a dark, cloudy sky and leaves the only visible footprints behind."", ""A man with a shoulder bag walking in the desert on sand with footprints behind him and the horizon with many stormy clouds."", ""A man walking in the desert wearing a hat, khaki shirt and shorts and very dark sky ahead of him."", ""One man is walking across a desert right into an approaching storm."", ""A man wandering in the desert as the clouds roll in.""]"
flickr30k_main_seed1_train,73,flickr30k,test,21046,flickr30k_test_021046,images/flickr30k/flickr30k_test_021046.jpg,"[""A man and a woman are seated, holding reading materials, while he looks into the camera and she looks down into her partly rolled-up magazine."", ""A young man and woman sit beside each other on the subway train."", ""A man and a woman are reading while riding the subway."", ""A man and woman riding on a subway car."", ""Several people sit on the subway.""]"
flickr30k_main_seed1_train,54,flickr30k,test,25024,flickr30k_test_025024,images/flickr30k/flickr30k_test_025024.jpg,"[""Eleven children sit next to each other on a stoop in front of a blue grating while holding objects in front of their eyes."", ""Smiling children are sitting on concrete slab displaying a small item in their hands."", ""Several young children are sitting outside laughing and looking through objects."", ""Eleven children sitting together, holding something up, and laughing."", ""A group of children sitting together eating donuts.""]"
flickr30k_main_seed1_train,63,flickr30k,test,24934,flickr30k_test_024934,images/flickr30k/flickr30k_test_024934.jpg,"[""A man wearing a striped jacket tentatively looking down onto his hands while walking."", ""A man walks along a cobblestone path, next to a large blue wall."", ""A man walking down a brick path next to a blue wall."", ""A lone man walking along side a blue wall."", ""Solitary man walks past blue wall.""]"
flickr30k_main_seed1_train,37,flickr30k,test,10401,flickr30k_test_010401,images/flickr30k/flickr30k_test_010401.jpg,"[""A girl in a blue sweater with a white pattern is jumping into a pile of leaves."", ""A young girl is diving into a pile of brown leaves in the yard."", ""A girl in a sweater diving into a pile of leaves."", ""A girl is jumping into a pile of leaves."", ""A girl is jumping into a pile of leaves""]"
flickr30k_main_seed1_train,78,flickr30k,test,28178,flickr30k_test_028178,images/flickr30k/flickr30k_test_028178.jpg,"[""A man in a black sweater with a red undershirt playing a trumpet in front of a lighted Christmas tree."", ""The man playing a trumpet in front of a christmas tree looks intense."", ""A man in a black sweater and red shirt plays the trumpet by a tree."", ""A guy with a beard wearing his glasses is blowing on a trumpet."", ""A musician playing some smooth music.""]"
flickr30k_main_seed1_train,90,flickr30k,test,29824,flickr30k_test_029824,images/flickr30k/flickr30k_test_029824.jpg,"[""A woman stands behind a display table advertising the London 2012 Olympics in front of a sign reading, \""Bienvenus Welcome.\"""", ""A female worker is standing behind a table that says London 2012 above the Olympic rings."", ""A young woman is standing behind an information stall at the 2012 London Olympic Games."", ""Woman posing in her booth during the London 2012 olympics"", ""The olympic official is smiling for the camera""]"
flickr30k_main_seed1_train,45,flickr30k,test,28876,flickr30k_test_028876,images/flickr30k/flickr30k_test_028876.jpg,"[""A participant in a sporting event has landed on his head while holding the ball on a field of grass."", ""A person doing a face plant while the other watches on a clear, lush field of green grass."", ""A male athlete tackles his head into the ground to protect the ball in play."", ""The rugby player got the ball but he is smashing his head into the ground."", ""Uniformed athletes dive onto a grassy playing field.""]"
flickr30k_main_seed1_train,16,flickr30k,test,3075,flickr30k_test_003075,images/flickr30k/flickr30k_test_003075.jpg,"[""A little boy wearing goggles on top of his head, walks through a deep water puddle with long pants on."", ""A small child in blue raincoat and a small child in a white shirt is waling in the rain water."", ""Small children are wading through shallow waters that are flooding the street."", ""People walking in a big puddle."", ""Children walking in the rain.""]"
flickr30k_main_seed1_train,121,flickr30k,test,2833,flickr30k_test_002833,images/flickr30k/flickr30k_test_002833.jpg,"[""Several people watch a female rock band performing on a stage full of yellow banners."", ""Some teenagers stop to listen to a concert put on by Oh Henry Candy Bars."", ""A few people standing in front of a stage with three female guitarists."", ""A three person band is performing in front of a few people."", ""People watching a band perform on a stage.""]"
flickr30k_main_seed1_train,66,flickr30k,test,30359,flickr30k_test_030359,images/flickr30k/flickr30k_test_030359.jpg,"[""A soccer game with 5 guys in the picture but three of them are about to commence in a three way kick."", ""A group of soccer teammates are fighting over the soccer ball while in a stadium full of supporters."", ""Five young men, three in yellow, one in red and one in white are playing soccer."", ""A soccer player is attempting to score a goal."", ""Guys are play soccer on the field.""]"
flickr30k_main_seed1_train,24,flickr30k,test,24978,flickr30k_test_024978,images/flickr30k/flickr30k_test_024978.jpg,"[""A man in a blue shirt and brown pants is sitting next to a parked blue car."", ""A man in a blue sweater is sitting outside in front of a blue car."", ""A man in a blue shirt is sitting beside a blue van"", ""An elderly man sits in a chair in an alleyway."", ""The man in the blue shirt looks very lonely.""]"
flickr30k_main_seed1_train,8,flickr30k,test,16234,flickr30k_test_016234,images/flickr30k/flickr30k_test_016234.jpg,"[""The young child is yelling into the microphone, while other children watch."", ""A young boy vocalizes in to a microphone held by a blond woman in black."", ""A young child is in front of a microphone as other people are watching."", ""Little kid is taking a bit of something from a puppet."", ""A boy yells into a microphone held by a woman.""]"
